date,progyear,name,bnp,al,kpi,ranta,kpif,fso,u_def,p_def
1994-01-01,1994,FiD,"2,40","8,00","2,50",,,,OPEN,KPIZZZ
1994-04-01,1994,FiD,"2,40","8,00","1,60",,,,OPEN,KPIZZZ
1994-11-01,1994,FiD,"2,50","8,00","2,20",,,,OPEN,KPIZZZ
1995-01-01,1995,FiD,"2,60","6,80","2,90",,,,OPEN,KPIZZZ
1995-04-01,1995,FiD,"2,50","7,00","2,90",,,,OPEN,KPIZZZ
1995-10-01,1995,FiD,"3,50","7,50","2,90",,,,OPEN,KPIZZZ
1996-04-01,1996,FiD,"1,40","7,20","1,60",,,,OPEN,KPIZZZ
1996-09-12,1996,FiD,"1,60","7,70","1,20",,,,OPEN,KPIZZZ
1997-04-09,1997,FiD,"2,30","7,90","0,60",,,,OPEN,KPIZZZ
1997-09-11,1997,FiD,"2,30","8,40","1,10",,,,OPEN,KPIZZZ
1998-04-06,1998,FiD,"3,00","6,70","0,90",,,,OPEN,KPIZZZ
1998-10-05,1998,FiD,"3,00","6,60","0,50",,,,OPEN,KPIZZZ
1998-12-15,1998,FiD,"2,80","6,60","0,40",,,,OPEN,KPIZZZ
1999-03-31,1999,FiD,"2,20","5,80","0,20",,"1,20",,OPEN,KPIX
1999-09-09,1999,FiD,"3,60","5,40","0,30",,"1,30",,OPEN,KPIX
2000-03-30,2000,FiD,"3,80","4,60","1,30",,"1,30",,OPEN,KPIX
2000-09-07,2000,FiD,"3,90","4,60","1,20",,"1,30",,OPEN,KPIX
2001-03-29,2001,FiD,"2,70","3,90","1,50",,"1,60",,OPEN,KPIX
2001-09-06,2001,FiD,"1,70","3,90","2,60",,"2,60",,OPEN,KPIX
2002-05-04,2002,FiD,"1,40","4,30","2,10",,"2,30",,OPEN,KPIX
2002-10-03,2002,FiD,"2,10","3,90","2,30",,"2,50",,OPEN,KPIX
2003-04-08,2003,FiD,"1,40","4,50","2,40",,"2,60",,OPEN,KPIX
2003-09-22,2003,FiD,"1,40","4,70","2,00",,"2,20",,OPEN,KPIX
2004-04-15,2004,FiD,"2,50","5,50","0,40",,"0,80",,OPEN,KPIX
2004-09-20,2004,FiD,"3,50","5,60","0,60",,"1,00",,OPEN,KPIX
2005-04-14,2005,FiD,"3,20","5,00","0,50","2,00","0,70",,OPEN,KPIX
2005-09-20,2005,FiD,"2,40","5,90","0,30","1,50","0,70",,OPEN,KPIX
2006-04-18,2006,FiD,"3,60","4,90","1,40","2,50","1,30",,OPEN,KPIX
2006-10-16,2006,FiD,"4,00","5,60","1,60","3,00","1,30",,OPEN,KPIX
2007-04-16,2007,FiD,"3,70","4,70","1,80","3,50","0,80",,OPEN,KPIX
2007-09-20,2007,FiD,"3,20","4,40","2,20","4,00","1,20",,OPEN,KPIX
2008-04-15,2008,FiD,"2,10","5,80","3,20","4,25","2,20",,ILO,KPIX
2008-08-22,2008,FiD,"1,50","6,00",,,,,ILO,KPIZZZ
2008-09-22,2008,FiD,"1,50","5,90","3,80","4,50","3,00",,ILO,KPIF
2008-12-16,2008,FiD,"1,00","6,10","3,50","2,00",,,ILO,KPIZZZ
2009-04-15,2009,FiD,"-4,20","8,90","-0,40","0,25","1,60","-2,70",EU,KPIF
2009-08-21,2009,FiD,"-5,20","8,80",,,,"-2,40",EU,KPIZZZ
2009-09-21,2009,FiD,"-5,20","8,80","-0,40","0,25","1,80","-2,20",EU,KPIF
2009-11-19,2009,FiD,"-4,90","8,50","-0,40",,,,EU,KPIZZZ
2010-01-27,2010,FiD,"3,00","9,50","1,30",,,,EU,KPIZZZ
2010-04-15,2010,FiD,"2,50","9,20","1,30","1,00","2,20","-1,30",EU,KPIF
2010-07-05,2010,FiD,"3,30","8,90","1,10",,"2,00","-1,50",EU,KPIF
2010-08-20,2010,FiD,"4,50","8,30",,,,"-1,10",EU,KPIZZZ
2010-10-12,2010,FiD,"4,80","8,40","1,20","1,25","2,00","-1,30",EU,KPIF
2011-03-03,2011,FiD,"4,80","7,40","2,40",,,,EU,KPIZZZ
2011-04-12,2011,FiD,"4,60","7,30","2,50","2,25","1,10","0,30",EU,KPIF
2011-08-26,2011,FiD,"4,10","7,50","3,00",,"1,40","0,10",EU,KPIF
2011-09-20,2011,FiD,"4,10","7,50","3,00","2,00","1,40","0,10",EU,KPIF
2012-04-16,2012,FiD,"0,40","7,80","1,20","1,00","1,00","-0,30",EU,KPIF
2012-07-04,2012,FiD,"1,10","7,50",,,,,EU,KPIZZZ
2012-08-24,2012,FiD,"1,60","7,60","1,00",,"1,00","-0,30",EU,KPIF
2012-09-20,2012,FiD,"1,60","7,60","1,00","1,50","1,00","-0,30",EU,KPIF
2012-12-21,2012,FiD,"0,90","7,70","0,90",,"1,00","-0,40",EU,KPIF
2013-04-15,2013,FiD,"1,20","8,30","0,50","1,00","1,10","-1,60",EU,KPIF
2013-07-04,2013,FiD,"1,30","8,40","0,20",,"1,00","-1,30",EU,KPIF
2013-08-23,2013,FiD,"1,20","8,20","0,10",,"1,00","-1,50",EU,KPIF
2013-09-18,2013,FiD,"1,20","8,20","0,10","1,00","1,00","-1,20",EU,KPIF
2013-12-19,2013,FiD,"1,00","8,00","0,00",,"0,80",,EU,KPIF
2014-02-20,2014,FiD,"2,50","7,70","0,20",,"1,00","-1,90",EU,KPIF
2014-04-09,2014,FiD,"2,70","7,70","0,20","0,75","0,80","-1,60",EU,KPIF
2014-07-04,2014,FiD,"2,50","7,90","0,00",,"0,50","-1,90",EU,KPIF
2014-08-23,2014,FiD,"1,90","7,90","-0,10",,"0,60","-2,20",EU,KPIF
2014-10-13,2014,FiD,"2,10","7,90","0,00",,"0,60","-2,20",EU,KPIF
2014-10-23,2014,FiD,"2,10","7,90","0,00","0,25","0,60","-2,20",EU,KPIF
1994-01-01,1995,FiD,"2,90","7,20","2,80",,,,OPEN,KPIZZZ
1994-04-01,1995,FiD,"3,00","7,20","2,70",,,,OPEN,KPIZZZ
1994-11-01,1995,FiD,"3,40","7,00","3,20",,,,OPEN,KPIZZZ
1995-01-01,1996,FiD,"2,90","6,10","3,70",,,,OPEN,KPIZZZ
1995-04-01,1996,FiD,"2,90","6,10","2,70",,,,OPEN,KPIZZZ
1995-10-01,1996,FiD,"2,70","6,40","2,60",,,,OPEN,KPIZZZ
1996-04-01,1997,FiD,"2,00","6,50","2,30",,,,OPEN,KPIZZZ
1996-09-12,1997,FiD,"2,30","6,90","1,90",,,,OPEN,KPIZZZ
1997-04-09,1998,FiD,"2,50","7,10","1,70",,,,OPEN,KPIZZZ
1997-09-11,1998,FiD,"3,10","7,40","1,70",,,,OPEN,KPIZZZ
1998-04-06,1999,FiD,"3,10","5,70","1,20",,,,OPEN,KPIZZZ
1998-10-05,1999,FiD,"3,00","5,70","0,70",,,,OPEN,KPIZZZ
1998-12-15,1999,FiD,"2,20","5,90","0,50",,,,OPEN,KPIZZZ
1999-03-31,2000,FiD,"2,60","5,40","0,80",,"1,20",,OPEN,KPIX 
1999-09-09,2000,FiD,"3,00","4,50","1,20",,"1,30",,OPEN,KPIX 
2000-03-30,2001,FiD,"2,90","3,90","2,20",,"1,40",,OPEN,KPIX 
2000-09-07,2001,FiD,"3,50","3,80","1,40",,"1,10",,OPEN,KPIX 
2001-03-29,2002,FiD,"2,60","3,70","1,60",,"1,60",,OPEN,KPIX 
2001-09-06,2002,FiD,"2,40","3,80","1,70",,"1,80",,OPEN,KPIX 
2002-05-04,2003,FiD,"2,80","4,00","2,20",,"1,90",,OPEN,KPIX 
2002-10-03,2003,FiD,"2,50","3,80","2,30",,"1,90",,OPEN,KPIX 
2003-04-08,2004,FiD,"2,40","4,30","1,80",,"1,50",,OPEN,KPIX 
2003-09-22,2004,FiD,"2,00","4,70","1,30",,"1,20",,OPEN,KPIX 
2004-04-15,2005,FiD,"2,60","5,30","1,40",,"1,20",,OPEN,KPIX 
2004-09-20,2005,FiD,"3,00","5,10","1,40",,"1,10",,OPEN,KPIX 
2005-04-14,2006,FiD,"2,70","4,40","1,50","2,75","1,30",,OPEN,KPIX 
2005-09-20,2006,FiD,"3,10","4,80","1,50","2,50","1,40",,OPEN,KPIX 
2006-04-18,2007,FiD,"3,00","4,50","2,20","3,50","1,70",,OPEN,KPIX 
2006-10-16,2007,FiD,"3,30","5,80","2,50","3,75","1,90",,OPEN,KPIX 
2007-04-16,2008,FiD,"3,30","5,60","2,30","4,50","1,50",,ILO,KPIX 
2007-09-20,2008,FiD,"3,20","5,50","2,80","4,50","1,80",,ILO,KPIX 
2008-04-15,2009,FiD,"1,80","6,40","2,80","4,25","2,10",,ILO,KPIX
2008-08-22,2009,FiD,"1,30","6,40",,,,,ILO,KPIZZZ
2008-09-22,2009,FiD,"1,30","6,60","2,40","2,50","2,50",,ILO,KPIF
2008-12-16,2009,FiD,"-0,80","7,70","-0,20",,,,ILO,KPIZZZ
2009-04-15,2010,FiD,"0,20","11,10","0,30","0,25","0,90","-3,80",EU,KPIF
2009-08-21,2010,FiD,"0,60","11,40",,,,"-3,70",EU,KPIZZZ
2009-09-21,2010,FiD,"0,60","11,40","0,40","0,50","0,80","-3,40",EU,KPIF
2009-11-19,2010,FiD,"2,00","10,70","0,50",,,,EU,KPIZZZ
2010-01-27,2011,FiD,"3,60","8,90","2,10",,,,EU,KPIZZZ
2010-04-15,2011,FiD,"3,90","8,80","1,60","2,25","1,00","-0,40",EU,KPIF
2010-07-05,2011,FiD,"3,80","8,40","1,50",,"0,90","-0,50",EU,KPIF
2010-08-20,2011,FiD,"4,00","8,50",,,,"-0,20",EU,KPIZZZ
2010-10-12,2011,FiD,"3,70","8,00","1,50","2,25","0,90","-0,40",EU,KPIF
2011-03-03,2012,FiD,"3,50","6,70","1,90",,,,EU,KPIZZZ
2011-04-12,2012,FiD,"3,80","6,60","2,00","3,25","1,20","1,80",EU,KPIF
2011-08-26,2012,FiD,"1,30","7,80","1,20",,"0,90","0,00",EU,KPIF
2011-09-20,2012,FiD,"1,30","7,80","1,20","1,50","0,90","0,00",EU,KPIF
2012-04-16,2013,FiD,"3,30","7,70","1,30","1,50","1,30","0,30",EU,KPIF
2012-07-04,2013,FiD,"3,00","7,40",,,,,EU,KPIZZZ
2012-08-24,2013,FiD,"2,70","7,50","1,20",,"1,20","-0,50",EU,KPIF
2012-09-20,2013,FiD,"2,70","7,50","1,20","1,50","1,20","-0,60",EU,KPIF
2012-12-21,2013,FiD,"1,10","8,20","0,60",,"1,00","-1,30",EU,KPIF
2013-04-15,2014,FiD,"2,20","8,40","1,20","1,00","1,30","-1,00",EU,KPIF
2013-07-04,2014,FiD,"2,10","8,40","0,90",,"1,20","-0,80",EU,KPIF
2013-08-23,2014,FiD,"2,50","8,10","0,90",,"1,30","-1,40",EU,KPIF
2013-09-18,2014,FiD,"2,50","8,10","0,90","1,00","1,30","-1,50",EU,KPIF
2013-12-19,2014,FiD,"2,40","7,70","0,40",,"0,80",,EU,KPIF
2014-04-09,2015,FiD,"3,30","7,30","1,60","1,50","1,50",,EU,KPIF
2014-07-04,2015,FiD,"3,10","7,50","1,40",,"1,40",,EU,KPIF
2014-08-23,2015,FiD,"3,00","7,40","1,10",,"1,40",,EU,KPIF
2014-10-23,2015,FiD,"3,00","7,30","0,90",,"1,40",,EU,KPIF
1999-02-01,1999,SWED,"2,10","6,50","0,20",,,,OPEN,KPIZZZ
1999-06-01,1999,SWED,"2,70","5,50","0,30",,,,OPEN,KPIZZZ
1999-10-01,1999,SWED,"4,00","5,50","0,30",,,,OPEN,KPIZZZ
2000-03-01,2000,SWED,"4,00","4,80","1,40",,,,OPEN,KPIZZZ
2000-06-01,2000,SWED,"4,40","4,60","1,30",,,,OPEN,KPIZZZ
2000-12-01,2000,SWED,"4,40","4,60","1,30",,,,OPEN,KPIZZZ
2001-01-01,2001,SWED,"3,50","4,10","1,50",,,,OPEN,KPIZZZ
2001-06-01,2001,SWED,"2,30","4,10","2,30",,,,OPEN,KPIZZZ
2001-11-01,2001,SWED,"1,40","4,20","2,60",,,,OPEN,KPIZZZ
2002-04-01,2002,SWED,"1,60","4,50","2,30",,,,OPEN,KPIZZZ
2003-01-01,2003,SWED,"1,60","4,40","2,50",,,,OPEN,KPIZZZ
2003-08-01,2003,SWED,"1,50","4,80","2,20",,,,OPEN,KPIZZZ
2004-01-01,2004,SWED,"1,80","5,30","1,00",,,,OPEN,KPIZZZ
2004-08-01,2004,SWED,"3,20","5,80","0,60",,,,OPEN,KPIZZZ
2005-01-01,2005,SWED,"2,60","5,30","1,10","2,25",,,OPEN,KPIZZZ
2005-08-01,2005,SWED,"2,30","6,00","0,50","1,50",,,OPEN,KPIZZZ
2006-01-24,2006,SWED,"3,40","5,30","1,80","2,50","1,10",,OPEN,KPIX
2006-08-28,2006,SWED,"3,90","5,40","1,50","3,00","1,30",,OPEN,KPIX
2007-01-30,2007,SWED,"3,30","5,10","1,80","4,00","1,00",,OPEN,KPIX
2007-08-21,2007,SWED,"3,40","4,70","2,10","4,00","1,20",,OPEN,KPIX
2008-01-22,2008,SWED,"2,20","5,70","3,40","4,00","2,40",,EU,KPIX
2008-08-14,2008,SWED,"1,80","6,30","3,80","4,80","2,80",,EU,KPIX
2009-01-22,2009,SWED,"-1,70","8,40","-0,20","1,00","1,10",,EU,KPIX
2009-03-11,2009,SWED,"-2,30","8,60","-0,60","0,50","1,00",,EU,KPIX
2009-06-11,2009,SWED,"-4,60","8,90","-0,40",,,,EU,KPIZZZ
2009-09-29,2009,SWED,"-4,50","8,90","-0,20","0,30","2,00",,EU,KPIF
2010-01-14,2010,SWED,"2,00","9,90","0,90","1,25",,,EU,KPIZZZ
2010-04-22,2010,SWED,"2,10","9,30","1,40","1,25","2,10",,EU,KPIF
2010-09-21,2010,SWED,"4,30","8,50","1,20","1,25","2,00",,EU,KPIF
2011-01-01,2011,SWED,"3,30","7,70","2,20","2,25","1,40",,EU,KPIF
2011-04-01,2011,SWED,"4,00","7,30","3,40","2,50","1,80",,EU,KPIF
2011-08-01,2011,SWED,"4,30","7,50","3,10","2,00","1,60",,EU,KPIF
2012-01-24,2012,SWED,"0,30","7,80","1,50","1,00","1,20",,EU,KPIF
2012-04-24,2012,SWED,"0,20","7,80","1,50","1,50","1,30",,EU,KPIF
2012-08-21,2012,SWED,"1,60","7,50","1,20","1,50","1,10",,EU,KPIF
2013-01-16,2013,SWED,"1,10","8,30","0,30","0,80","1,20",,EU,KPIF
2013-04-10,2013,SWED,"1,60","8,30","0,30","1,00","1,20",,EU,KPIF
2013-08-27,2013,SWED,"1,60","8,00","0,20","1,00","1,00",,EU,KPIF
2013-10-23,2013,SWED,"1,10","8,00","0,10","1,00","1,00",,EU,KPIF
2014-01-21,2014,SWED,"3,10","7,70","0,60","1,00","0,90",,EU,KPIF
2014-04-08,2014,SWED,"2,80","7,90","0,10","0,75","0,60",,EU,KPIF
2014-08-26,2014,SWED,"1,90","8,00","0,10","0,10","0,70",,EU,KPIF
2014-11-04,2014,SWED,"2,10","8,00","-0,20","0,00","0,40",,EU,KPIF
1999-02-01,2000,SWED,"2,40","6,30","1,20",,,,OPEN,KPIZZZ
1999-06-01,2000,SWED,"3,20","5,30","1,30",,,,OPEN,KPIZZZ
1999-10-01,2000,SWED,"3,60","4,80","1,60",,,,OPEN,KPIZZZ
2000-03-01,2001,SWED,"3,90","4,40","2,00",,,,OPEN,KPIZZZ
2000-06-01,2001,SWED,"4,10","4,10","1,80",,,,OPEN,KPIZZZ
2000-12-01,2001,SWED,"4,00","4,10","1,70",,,,OPEN,KPIZZZ
2001-01-01,2002,SWED,"3,30","3,90","1,80",,,,OPEN,KPIZZZ
2001-06-01,2002,SWED,"3,00","4,00","1,70",,,,OPEN,KPIZZZ
2001-11-01,2002,SWED,"1,30","4,70","1,90",,,,OPEN,KPIZZZ
2002-04-01,2003,SWED,"2,40","4,30","2,20",,,,OPEN,KPIZZZ
2003-01-01,2004,SWED,"2,20","4,30","2,00",,,,OPEN,KPIZZZ
2003-08-01,2004,SWED,"2,20","4,80","1,50",,,,OPEN,KPIZZZ
2004-01-01,2005,SWED,"2,00","5,30","1,80",,,,OPEN,KPIZZZ
2004-08-01,2005,SWED,"2,50","5,50","2,20",,,,OPEN,KPIZZZ
2005-01-01,2006,SWED,"2,30","5,00","2,00","3,00",,,OPEN,KPIZZZ
2005-08-01,2006,SWED,"2,80","5,60","1,60","2,50",,,OPEN,KPIZZZ
2006-01-24,2007,SWED,"2,60","5,20","1,80","3,25","1,90",,OPEN,KPIX
2006-08-28,2007,SWED,"2,90","5,20","2,50","3,75","1,80",,OPEN,KPIX
2007-01-30,2008,SWED,"3,10","6,30","2,10","4,50","1,80",,ILO,KPIX
2007-08-21,2008,SWED,"3,10","5,50","2,40","4,80","2,10",,ILO,KPIX
2008-01-22,2009,SWED,"2,80","5,60","2,50","4,50","2,30",,EU,KPIX
2008-08-14,2009,SWED,"1,70","7,00","2,80","4,00","2,40",,EU,KPIX
2009-01-22,2010,SWED,"0,80","12,00","1,20","1,50","1,30",,EU,KPIX
2009-03-11,2010,SWED,"0,60","9,80","1,20","0,80","1,30",,EU,KPIX
2009-06-11,2010,SWED,"0,70","10,90","1,20",,,,EU,KPIZZZ
2009-09-29,2010,SWED,"1,20","10,70","1,00","1,30","1,30",,EU,KPIF
2010-01-14,2011,SWED,"2,60","9,90","2,20","3,00",,,EU,KPIZZZ
2010-04-22,2011,SWED,"2,40","9,20","2,20","1,75","1,40",,EU,KPIF
2010-09-21,2011,SWED,"2,40","8,40","2,00","2,00","1,40",,EU,KPIF
2011-01-01,2012,SWED,"2,10","7,50","2,40","3,00","1,60",,EU,KPIF
2011-04-01,2012,SWED,"2,20","7,00","2,00","3,00","1,60",,EU,KPIF
2011-08-01,2012,SWED,"1,80","7,20","2,30","2,75","1,70",,EU,KPIF
2012-01-24,2013,SWED,"1,80","8,00","1,70","1,75","1,60",,EU,KPIF
2012-04-24,2013,SWED,"2,20","7,90","1,90","2,00","1,60",,EU,KPIF
2012-08-21,2013,SWED,"1,60","7,70","1,80","1,50","1,70",,EU,KPIF
2013-01-16,2014,SWED,"2,50","8,20","1,90","1,50","1,60",,EU,KPIF
2013-04-10,2014,SWED,"2,60","8,20","1,80","1,75","1,50",,EU,KPIF
2013-08-27,2014,SWED,"3,10","7,90","1,80","1,75","1,70",,EU,KPIF
2013-10-23,2014,SWED,"3,20","7,80","1,60","1,50","1,70",,EU,KPIF
2014-01-21,2015,SWED,"3,00","7,30","2,50","1,80","1,80",,EU,KPIF
2014-04-08,2015,SWED,"2,90","7,40","1,90","1,30","1,60",,EU,KPIF
2014-08-26,2015,SWED,"2,60","7,60","1,40","0,10","1,60",,EU,KPIF
2014-11-04,2015,SWED,"2,60","7,70","0,70","0,00","1,00",,EU,KPIF
1994-01-01,1994,HUI,"1,70","8,20","3,40",,,,OPEN,KPIZZZ
1994-05-01,1994,HUI,"2,00","8,00","2,50",,,,OPEN,KPIZZZ
1994-09-01,1994,HUI,"2,10","8,00","2,50",,,,OPEN,KPIZZZ
1994-11-01,1994,HUI,"2,60","8,00","2,50",,,,OPEN,KPIZZZ
1995-02-01,1995,HUI,"2,60","7,50","3,50",,,,OPEN,KPIZZZ
1995-06-01,1995,HUI,"2,00","7,50","3,50",,,,OPEN,KPIZZZ
1995-09-01,1995,HUI,"2,10","7,50","3,10",,,,OPEN,KPIZZZ
1995-12-01,1995,HUI,"2,50","7,50","2,90",,,,OPEN,KPIZZZ
1996-01-01,1996,HUI,"2,20","7,70","2,30",,,,OPEN,KPIZZZ
1996-06-01,1996,HUI,"1,80","7,70","1,60",,,,OPEN,KPIZZZ
1996-09-01,1996,HUI,"1,90","7,80","1,20",,,,OPEN,KPIZZZ
1996-12-01,1996,HUI,"2,50","7,90","0,80",,,,OPEN,KPIZZZ
1997-03-01,1997,HUI,"1,80","7,70","0,90",,,,OPEN,KPIZZZ
1997-06-01,1997,HUI,"2,10","8,40","0,50",,,,OPEN,KPIZZZ
1997-09-01,1997,HUI,"2,40","8,40","0,80",,,,OPEN,KPIZZZ
1997-12-01,1997,HUI,"2,00","8,10","0,90",,,,OPEN,KPIZZZ
1998-03-01,1998,HUI,"2,70","7,00","1,20",,,,OPEN,KPIZZZ
1998-06-01,1998,HUI,"2,80","7,00","0,70",,,,OPEN,KPIZZZ
1998-09-01,1998,HUI,"2,90","6,70","0,70",,,,OPEN,KPIZZZ
1998-12-01,1998,HUI,"2,90","6,70","0,40",,,,OPEN,KPIZZZ
1999-03-01,1999,HUI,"2,20","6,30","0,50",,,,OPEN,KPIZZZ
1999-06-01,1999,HUI,"2,50","5,60","0,50",,,,OPEN,KPIZZZ
1999-09-01,1999,HUI,"3,60","5,30","0,50",,,,OPEN,KPIZZZ
1999-12-01,1999,HUI,"3,60","5,40","0,30",,,,OPEN,KPIZZZ
2000-03-01,2000,HUI,"4,20","4,90","2,00",,,,OPEN,KPIZZZ
2000-06-01,2000,HUI,"4,40","4,90","2,00",,,,OPEN,KPIZZZ
2000-10-01,2000,HUI,"4,30","4,80","1,30",,,,OPEN,KPIZZZ
2000-12-01,2000,HUI,"3,80","4,80","1,30",,,,OPEN,KPIZZZ
2001-03-01,2001,HUI,"2,50","4,00","1,60",,,,OPEN,KPIZZZ
2001-06-01,2001,HUI,"2,70","4,00","2,60",,,,OPEN,KPIZZZ
2001-10-01,2001,HUI,"1,50","3,70","2,90",,,,OPEN,KPIZZZ
2001-12-01,2001,HUI,"1,20","3,70","2,90",,,,OPEN,KPIZZZ
2002-04-01,2002,HUI,"1,70","4,50","1,90",,,,OPEN,KPIZZZ
2002-06-01,2002,HUI,"1,50","4,50","2,60",,,,OPEN,KPIZZZ
2002-10-01,2002,HUI,"1,80","4,40","2,30",,,,OPEN,KPIZZZ
2002-12-01,2002,HUI,"1,80","4,10","2,30",,,,OPEN,KPIZZZ
2003-04-01,2003,HUI,"1,50","4,30","2,40",,,,OPEN,KPIZZZ
2003-06-01,2003,HUI,"1,70","4,60","2,40",,,,OPEN,KPIZZZ
2003-10-01,2003,HUI,"1,70","4,40","2,40",,,,OPEN,KPIZZZ
2003-12-01,2003,HUI,"1,70","4,40","2,40",,,,OPEN,KPIZZZ
2004-04-01,2004,HUI,"2,00","5,60","1,00",,,,OPEN,KPIZZZ
2004-06-01,2004,HUI,"2,60","5,60","1,00",,,,OPEN,KPIZZZ
2004-10-01,2004,HUI,"3,50","5,60","1,00",,,,OPEN,KPIZZZ
2004-12-01,2004,HUI,"3,50","5,60","1,00",,,,OPEN,KPIZZZ
2005-04-01,2005,HUI,"3,00","5,30","1,00",,,,OPEN,KPIZZZ
2005-06-01,2005,HUI,"2,40","5,50","0,80",,,,OPEN,KPIZZZ
2005-09-01,2005,HUI,"2,50","5,50","0,70",,,,OPEN,KPIZZZ
2005-12-01,2005,HUI,"2,90","5,50","0,80",,,,OPEN,KPIZZZ
2006-03-15,2006,HUI,"3,20","5,00","1,20",,,,OPEN,KPIZZZ
2006-06-29,2006,HUI,"4,00","5,00","1,20",,,,OPEN,KPIZZZ
2006-10-02,2006,HUI,"4,20","5,00","1,20",,,,OPEN,KPIZZZ
2006-12-07,2006,HUI,"4,20","5,40","1,40",,,,OPEN,KPIZZZ
2007-04-04,2007,HUI,"3,60","4,80","1,70",,,,OPEN,KPIZZZ
2007-06-27,2007,HUI,"3,30","4,70","2,10",,,,OPEN,KPIZZZ
2007-10-04,2007,HUI,"3,30","4,70","2,10",,,,OPEN,KPIZZZ
2007-12-12,2007,HUI,"3,00","4,60","2,10",,,,OPEN,KPIZZZ
2008-03-13,2008,HUI,"2,30","5,90","3,40",,,,ILO,KPIZZZ
2008-06-19,2008,HUI,"1,90","6,00","3,50",,,,ILO,KPIZZZ
2008-09-23,2008,HUI,"1,30","6,20","3,90",,,,ILO,KPIZZZ
2008-12-17,2008,HUI,"1,00","6,20","3,50",,,,ILO,KPIZZZ
2009-03-18,2009,HUI,"-2,00","8,00","-0,50",,,,ILO,KPIZZZ
2009-06-25,2009,HUI,"-4,50","8,70","-0,30",,,,ILO,KPIZZZ
2009-09-22,2009,HUI,"-4,50","8,60","-0,30",,,,ILO,KPIZZZ
2009-12-16,2009,HUI,"-4,00","8,50","-0,30",,,,ILO,KPIZZZ
2010-03-09,2010,HUI,"3,00","9,40","1,60",,,,EU,KPIZZZ
2010-06-22,2010,HUI,"3,10","9,00","1,60",,,,EU,KPIZZZ
2010-09-08,2010,HUI,"4,10","8,50","1,10",,,,EU,KPIZZZ
2010-12-15,2010,HUI,"5,10","8,40","1,20",,,,EU,KPIZZZ
2011-03-01,2011,HUI,"4,50","7,30","2,50",,,,EU,KPIZZZ
2011-06-01,2011,HUI,"4,90","7,30","3,20",,,,EU,KPIZZZ
2011-09-01,2011,HUI,"3,90","7,50","3,00",,,,EU,KPIZZZ
2011-12-01,2011,HUI,"4,20","7,50","3,00",,,,EU,KPIZZZ
2012-03-31,2012,HUI,"0,80","7,70","1,40",,,,EU,KPIZZZ
2012-06-30,2012,HUI,"0,90","7,70","1,20",,,,EU,KPIZZZ
2012-09-30,2012,HUI,"1,10","7,60","1,20",,,,EU,KPIZZZ
2012-12-31,2012,HUI,"0,80","7,70","0,90",,,,EU,KPIZZZ
2013-03-18,2013,HUI,"1,60","8,10","0,30","1,10",,,EU,KPIZZZ
2013-06-10,2013,HUI,"1,40","8,30","0,00","1,00",,,EU,KPIZZZ
2013-09-24,2013,HUI,"1,10","8,10","0,00","1,00",,,EU,KPIZZZ
2013-12-10,2013,HUI,"1,10","8,00","0,00","1,00",,,EU,KPIZZZ
2014-03-18,2014,HUI,"2,40","7,90","0,60","0,75",,,EU,KPIZZZ
2014-06-09,2014,HUI,"2,40","7,90","0,20","0,50",,,EU,KPIZZZ
2014-09-29,2014,HUI,"2,00","7,90","0,00","0,25",,,EU,KPIZZZ
2014-12-09,2014,HUI,"1,90","7,90","-0,10","0,00",,,EU,KPIZZZ
1994-01-01,1995,HUI,"1,80","7,50","3,00",,,,OPEN,KPIZZZ
1994-05-01,1995,HUI,"2,20","7,30","3,00",,,,OPEN,KPIZZZ
1994-09-01,1995,HUI,"2,60","7,50","3,00",,,,OPEN,KPIZZZ
1994-11-01,1995,HUI,"2,30","7,50","3,00",,,,OPEN,KPIZZZ
1995-02-01,1996,HUI,"2,80","6,80","3,80",,,,OPEN,KPIZZZ
1995-06-01,1996,HUI,"3,00","6,90","3,00",,,,OPEN,KPIZZZ
1995-09-01,1996,HUI,"3,10","6,80","2,90",,,,OPEN,KPIZZZ
1995-12-01,1996,HUI,"2,80","6,80","2,80",,,,OPEN,KPIZZZ
1996-01-01,1997,HUI,"1,60","7,70","2,50",,,,OPEN,KPIZZZ
1996-06-01,1997,HUI,"1,00","7,70","2,20",,,,OPEN,KPIZZZ
1996-09-01,1997,HUI,"1,80","7,70","1,90",,,,OPEN,KPIZZZ
1996-12-01,1997,HUI,"1,80","7,60","1,00",,,,OPEN,KPIZZZ
1997-03-01,1998,HUI,"3,10","7,20","2,20",,,,OPEN,KPIZZZ
1997-06-01,1998,HUI,"3,00","7,80","1,50",,,,OPEN,KPIZZZ
1997-09-01,1998,HUI,"3,30","7,70","1,80",,,,OPEN,KPIZZZ
1997-12-01,1998,HUI,"3,30","7,30","1,80",,,,OPEN,KPIZZZ
1998-03-01,1999,HUI,"2,50","6,50","1,50",,,,OPEN,KPIZZZ
1998-06-01,1999,HUI,"2,80","6,00","1,00",,,,OPEN,KPIZZZ
1998-09-01,1999,HUI,"2,80","6,00","1,00",,,,OPEN,KPIZZZ
1998-12-01,1999,HUI,"2,20","6,30","0,50",,,,OPEN,KPIZZZ
1999-03-01,2000,HUI,"2,00","6,50","1,00",,,,OPEN,KPIZZZ
1999-06-01,2000,HUI,"2,80","5,00","1,00",,,,OPEN,KPIZZZ
1999-09-01,2000,HUI,"3,60","4,70","1,80",,,,OPEN,KPIZZZ
1999-12-01,2000,HUI,"3,80","4,70","1,50",,,,OPEN,KPIZZZ
2000-03-01,2001,HUI,"3,30","4,10","2,50",,,,OPEN,KPIZZZ
2000-06-01,2001,HUI,"3,50","4,10","2,00",,,,OPEN,KPIZZZ
2000-10-01,2001,HUI,"3,70","3,90","1,60",,,,OPEN,KPIZZZ
2000-12-01,2001,HUI,"3,70","3,90","1,60",,,,OPEN,KPIZZZ
2001-03-01,2002,HUI,"2,90","4,00","2,00",,,,OPEN,KPIZZZ
2001-06-01,2002,HUI,"3,10","3,50","2,20",,,,OPEN,KPIZZZ
2001-10-01,2002,HUI,"2,30","3,90","2,20",,,,OPEN,KPIZZZ
2001-12-01,2002,HUI,"2,00","3,90","2,20",,,,OPEN,KPIZZZ
2002-04-01,2003,HUI,"2,70","4,30","2,00",,,,OPEN,KPIZZZ
2002-06-01,2003,HUI,"2,40","4,30","2,40",,,,OPEN,KPIZZZ
2002-10-01,2003,HUI,"2,20","4,30","2,10",,,,OPEN,KPIZZZ
2002-12-01,2003,HUI,"1,90","4,00","2,10",,,,OPEN,KPIZZZ
2003-04-01,2004,HUI,"2,00","4,40","2,00",,,,OPEN,KPIZZZ
2003-06-01,2004,HUI,"2,20","4,70","1,60",,,,OPEN,KPIZZZ
2003-10-01,2004,HUI,"2,20","4,50","1,00",,,,OPEN,KPIZZZ
2003-12-01,2004,HUI,"2,20","4,50","1,00",,,,OPEN,KPIZZZ
2004-04-01,2005,HUI,"2,50","5,40","1,50",,,,OPEN,KPIZZZ
2004-06-01,2005,HUI,"3,00","5,40","1,50",,,,OPEN,KPIZZZ
2004-10-01,2005,HUI,"3,50","5,40","1,50",,,,OPEN,KPIZZZ
2004-12-01,2005,HUI,"3,00","5,40","1,50",,,,OPEN,KPIZZZ
2005-04-01,2006,HUI,"2,50","5,00","1,50",,,,OPEN,KPIZZZ
2005-06-01,2006,HUI,"2,60","5,30","1,20",,,,OPEN,KPIZZZ
2005-09-01,2006,HUI,"2,70","5,00","1,20",,,,OPEN,KPIZZZ
2005-12-01,2006,HUI,"3,10","5,00","1,20",,,,OPEN,KPIZZZ
2006-03-15,2007,HUI,"2,40","5,00","1,50",,,,OPEN,KPIZZZ
2006-06-29,2007,HUI,"3,50","4,80","1,50",,,,OPEN,KPIZZZ
2006-10-02,2007,HUI,"3,50","4,80","1,50",,,,OPEN,KPIZZZ
2006-12-07,2007,HUI,"3,40","5,00","2,00",,,,OPEN,KPIZZZ
2007-04-04,2008,HUI,"3,00","5,80","2,20",,,,ILO,KPIZZZ
2007-06-27,2008,HUI,"3,30","6,00","2,30",,,,ILO,KPIZZZ
2007-10-04,2008,HUI,"3,50","6,00","2,30",,,,ILO,KPIZZZ
2007-12-12,2008,HUI,"2,60","5,80","2,90",,,,ILO,KPIZZZ
2008-03-13,2009,HUI,"2,60","5,90","2,50",,,,ILO,KPIZZZ
2008-06-19,2009,HUI,"2,10","6,20","2,80",,,,ILO,KPIZZZ
2008-09-23,2009,HUI,"1,50","6,80","3,20",,,,ILO,KPIZZZ
2008-12-17,2009,HUI,"-1,00","8,50","1,20",,,,ILO,KPIZZZ
2009-03-18,2010,HUI,"1,00","9,10","1,60",,,,ILO,KPIZZZ
2009-06-25,2010,HUI,"0,50","10,70","1,30",,,,ILO,KPIZZZ
2009-09-22,2010,HUI,"1,50","10,80","1,20",,,,ILO,KPIZZZ
2009-12-16,2010,HUI,"2,50","10,10","0,80",,,,ILO,KPIZZZ
2010-03-09,2011,HUI,"3,00","9,40","2,90",,,,EU,KPIZZZ
2010-06-22,2011,HUI,"3,10","8,80","2,90",,,,EU,KPIZZZ
2010-09-08,2011,HUI,"3,10","7,90","1,90",,,,EU,KPIZZZ
2010-12-15,2011,HUI,"2,80","7,70","1,70",,,,EU,KPIZZZ
2011-03-01,2012,HUI,"2,90","6,80","2,10",,,,EU,KPIZZZ
2011-06-01,2012,HUI,"2,90","6,70","2,80",,,,EU,KPIZZZ
2011-09-01,2012,HUI,"1,90","7,20","2,10",,,,EU,KPIZZZ
2011-12-01,2012,HUI,"0,50","7,20","1,90",,,,EU,KPIZZZ
2012-03-31,2013,HUI,"2,50","7,70","1,90",,,,EU,KPIZZZ
2012-06-30,2013,HUI,"2,50","7,70","1,90",,,,EU,KPIZZZ
2012-09-30,2013,HUI,"2,00","7,60","1,30",,,,EU,KPIZZZ
2012-12-31,2013,HUI,"1,50","7,90","0,70",,,,EU,KPIZZZ
2013-03-18,2014,HUI,"3,00","7,60","2,30","1,80",,,EU,KPIZZZ
2013-06-10,2014,HUI,"2,40","8,30","1,00","1,25",,,EU,KPIZZZ
2013-09-24,2014,HUI,"2,40","8,00","1,00","1,25",,,EU,KPIZZZ
2013-12-10,2014,HUI,"2,40","7,90","1,00","1,25",,,EU,KPIZZZ
2014-03-18,2015,HUI,"2,90","7,60","1,50","1,00",,,EU,KPIZZZ
2014-06-09,2015,HUI,"2,90","7,60","1,50","1,00",,,EU,KPIZZZ
2014-09-29,2015,HUI,"2,90","7,60","1,20","0,50",,,EU,KPIZZZ
2014-12-09,2015,HUI,"2,50","7,60","0,30","0,00",,,EU,KPIZZZ
1994-05-01,1994,SN,"1,30","8,00","2,20",,,,OPEN,KPIZZZ
1994-11-01,1994,SN,"2,30","8,00","2,30",,,,OPEN,KPIZZZ
1995-05-01,1995,SN,"1,90","7,50","3,40",,,,OPEN,KPIZZZ
1995-10-01,1995,SN,"2,90","7,60","2,60",,,,OPEN,KPIZZZ
1996-01-01,1996,SN,"0,90","8,00","2,40",,,,OPEN,KPIZZZ
1996-04-01,1996,SN,"0,40","8,00","1,60",,,,OPEN,KPIZZZ
1996-09-01,1996,SN,"1,00","8,10","1,10",,,,OPEN,KPIZZZ
1997-01-01,1997,SN,"1,10","8,00","1,20",,,,OPEN,KPIZZZ
1997-06-01,1997,SN,"1,40","8,30","1,40",,,,OPEN,KPIZZZ
1997-09-01,1997,SN,"1,40","8,30","0,60",,,,OPEN,KPIZZZ
1998-02-01,1998,SN,"1,90","7,40","1,40",,,,OPEN,KPIZZZ
1998-04-01,1998,SN,"2,50","6,80","0,90",,,,OPEN,KPIZZZ
1998-09-01,1998,SN,"2,50","6,80","0,60",,,,OPEN,KPIZZZ
1999-02-01,1999,SN,"1,50","6,40","0,10",,,,OPEN,KPIZZZ
1999-04-01,1999,SN,"1,80","6,20","0,30",,,,OPEN,KPIZZZ
1999-09-01,1999,SN,"3,50","5,50","0,40",,,,OPEN,KPIZZZ
2000-02-01,2000,SN,"3,60","5,00","1,50",,,,OPEN,KPIZZZ
2000-04-01,2000,SN,"3,80","4,90","1,60",,,,OPEN,KPIZZZ
2000-09-01,2000,SN,"4,20","4,70","0,90",,,,OPEN,KPIZZZ
2001-02-01,2001,SN,"2,50","4,10","1,40",,,,OPEN,KPIZZZ
2001-08-01,2001,SN,"1,40","4,00","2,80",,,,OPEN,KPIZZZ
2001-12-01,2001,SN,"0,80","4,00","2,70",,,,OPEN,KPIZZZ
2002-03-01,2002,SN,"1,40","4,20","2,20",,,,OPEN,KPIZZZ
2002-06-01,2002,SN,"1,40","3,80","2,40",,,,OPEN,KPIZZZ
2002-08-01,2002,SN,"1,50","4,10","2,50",,,,OPEN,KPIZZZ
2002-12-01,2002,SN,"1,70","4,00","2,40",,,,OPEN,KPIZZZ
2003-03-01,2003,SN,"1,30","4,60","2,90",,,,OPEN,KPIZZZ
2003-06-01,2003,SN,"0,80","4,80","2,10",,,,OPEN,KPIZZZ
2003-08-01,2003,SN,"1,00","4,80","2,10",,,,OPEN,KPIZZZ
2003-12-01,2003,SN,"1,40","4,90","2,00",,,,OPEN,KPIZZZ
2004-03-01,2004,SN,"2,40","5,80","1,10",,,,OPEN,KPIZZZ
2004-06-01,2004,SN,"2,80","5,70","0,90",,,,OPEN,KPIZZZ
2004-08-01,2004,SN,"3,00","5,70","0,80",,,,OPEN,KPIZZZ
2004-12-01,2004,SN,"3,40","5,50","0,70",,,,OPEN,KPIZZZ
2005-03-01,2005,SN,"2,70","5,30","0,60",,,,OPEN,KPIZZZ
2005-06-01,2005,SN,"2,00","5,80","0,30",,,,OPEN,KPIZZZ
2005-08-01,2005,SN,"2,30","5,80","0,40",,,,OPEN,KPIZZZ
2005-12-01,2005,SN,"2,60","6,00","0,50",,,,OPEN,KPIZZZ
2006-03-16,2006,SN,"3,30","5,00","0,60",,,,OPEN,KPIZZZ
2006-06-19,2006,SN,"3,70","5,10","1,10",,,,OPEN,KPIZZZ
2006-09-26,2006,SN,"4,50","5,30","1,50",,,,OPEN,KPIZZZ
2006-12-12,2006,SN,"4,50","5,40","1,40",,,,OPEN,KPIZZZ
2007-03-14,2007,SN,"3,70","5,10","1,80",,,,OPEN,KPIZZZ
2007-06-13,2007,SN,"3,30","4,90","1,90",,,,OPEN,KPIZZZ
2007-09-11,2007,SN,"3,20","4,50","2,10",,,,OPEN,KPIZZZ
2007-12-12,2007,SN,"2,70","4,60","2,10",,,,OPEN,KPIZZZ
2008-03-14,2008,SN,"1,90","5,40","3,00",,"2,40",,EU,KPIX
2008-06-12,2008,SN,"1,70","5,50","3,50",,"2,60",,EU,KPIX
2008-09-11,2008,SN,"1,20","6,20","3,60",,,,EU,KPIZZZ
2008-12-17,2008,SN,"0,80","6,20","3,50",,"2,50",,EU,KPIX
2009-03-12,2009,SN,"-3,20","8,20","-0,70",,"0,80",,EU,KPIX
2009-06-09,2009,SN,"-4,80","8,20","-0,50",,,,EU,KPIZZZ
2009-08-24,2009,SN,"-5,00","8,10","-0,30",,"1,70",,EU,KPIF
2009-12-07,2009,SN,"-4,40","8,30","-0,30",,"1,80",,EU,KPIF
2010-03-15,2010,SN,"2,40","9,30","1,60",,,,EU,KPIZZZ
2010-06-08,2010,SN,"3,10","9,20","1,40","1,00","2,00",,EU,KPIF
2010-08-31,2010,SN,"3,50","9,20","1,20","1,00","2,00",,EU,KPIF
2010-12-09,2010,SN,"5,00","8,50","1,20","1,30","2,00",,EU,KPIF
2011-03-01,2011,SN,"3,90","7,80","3,00","2,50","2,30",,EU,KPIF
2011-06-01,2011,SN,"4,20","7,90","3,20","2,50","2,00",,EU,KPIF
2011-09-01,2011,SN,"4,10","7,90","3,00","1,75","1,60",,EU,KPIF
2011-12-01,2011,SN,"4,30","7,80","2,90","1,75","1,50",,EU,KPIF
2012-03-22,2012,SN,"0,20","7,90","1,30","1,25","1,30",,EU,KPIF
2012-06-19,2012,SN,"0,20","7,90","1,10","1,25","1,10",,EU,KPIF
2012-09-24,2012,SN,"0,90","7,70","1,00","1,00","1,10",,EU,KPIF
2012-12-17,2012,SN,"0,60","7,60","0,90","1,00","0,90",,EU,KPIF
2013-03-19,2013,SN,"1,00","8,20","0,50","1,00","1,20",,EU,KPIF
2013-06-18,2013,SN,"0,90","8,50","0,30","1,00","0,80",,EU,KPIF
2014-02-04,2014,SN,"2,50","7,70","0,60","0,80","1,00",,EU,KPIF
2014-06-18,2014,SN,"2,20","7,90","-0,10","0,60","0,50",,EU,KPIF
2014-11-05,2014,SN,"2,20","7,90","-0,20",,"0,50",,EU,KPIF
1994-05-01,1995,SN,"1,70","7,80","4,00",,,,OPEN,KPIZZZ
1994-11-01,1995,SN,"1,90","7,00","3,70",,,,OPEN,KPIZZZ
1995-05-01,1996,SN,"1,60","7,30","3,90",,,,OPEN,KPIZZZ
1995-10-01,1996,SN,"1,10","7,60","3,30",,,,OPEN,KPIZZZ
1996-04-01,1997,SN,"1,30","7,70","2,10",,,,OPEN,KPIZZZ
1996-09-01,1997,SN,"0,80","8,00","1,80",,,,OPEN,KPIZZZ
1997-01-01,1998,SN,"3,70",,,,,,OPEN,KPIZZZ
1997-06-01,1998,SN,"2,40","7,90","1,90",,,,OPEN,KPIZZZ
1997-09-01,1998,SN,"2,40","7,60","1,60",,,,OPEN,KPIZZZ
1998-02-01,1999,SN,"1,70","7,60","1,20",,,,OPEN,KPIZZZ
1998-04-01,1999,SN,"2,20","7,00","1,60",,,,OPEN,KPIZZZ
1998-09-01,1999,SN,"2,10","7,00","0,80",,,,OPEN,KPIZZZ
1999-02-01,2000,SN,"1,70","6,30","1,20",,,,OPEN,KPIZZZ
1999-04-01,2000,SN,"1,90","6,10","1,20",,,,OPEN,KPIZZZ
1999-09-01,2000,SN,"3,40","4,80","1,50",,,,OPEN,KPIZZZ
2000-02-01,2001,SN,"3,00","4,50","2,00",,,,OPEN,KPIZZZ
2000-04-01,2001,SN,"3,10","4,30","2,00",,,,OPEN,KPIZZZ
2000-09-01,2001,SN,"3,30","4,30","1,40",,,,OPEN,KPIZZZ
2001-02-01,2002,SN,"2,60","3,90","1,70",,,,OPEN,KPIZZZ
2001-08-01,2002,SN,"1,50","4,10","2,00",,,,OPEN,KPIZZZ
2001-12-01,2002,SN,"1,50","4,40","2,00",,,,OPEN,KPIZZZ
2002-03-01,2003,SN,"3,30","4,10","2,20",,,,OPEN,KPIZZZ
2002-06-01,2003,SN,"3,10","3,40","2,60",,,,OPEN,KPIZZZ
2002-08-01,2003,SN,"2,70","3,80","2,60",,,,OPEN,KPIZZZ
2002-12-01,2003,SN,"1,40","4,40","2,30",,,,OPEN,KPIZZZ
2003-03-01,2004,SN,"1,90","4,60","2,30",,,,OPEN,KPIZZZ
2003-06-01,2004,SN,"1,50","5,00","1,40",,,,OPEN,KPIZZZ
2003-08-01,2004,SN,"1,60","5,00","1,50",,,,OPEN,KPIZZZ
2003-12-01,2004,SN,"1,80","5,10","1,60",,,,OPEN,KPIZZZ
2004-03-01,2005,SN,"2,00","6,40","1,40",,,,OPEN,KPIZZZ
2004-06-01,2005,SN,"2,40","5,60","2,20",,,,OPEN,KPIZZZ
2004-08-01,2005,SN,"2,50","5,70","2,10",,,,OPEN,KPIZZZ
2004-12-01,2005,SN,"2,40","5,40","1,80",,,,OPEN,KPIZZZ
2005-03-01,2006,SN,"2,20","5,10","1,10",,,,OPEN,KPIZZZ
2005-06-01,2006,SN,"2,20","5,60","0,70",,,,OPEN,KPIZZZ
2005-08-01,2006,SN,"2,60","4,90","0,60",,,,OPEN,KPIZZZ
2005-12-01,2006,SN,"3,10","5,10","1,10",,,,OPEN,KPIZZZ
2006-03-16,2007,SN,"2,60","5,20","1,00",,,,OPEN,KPIZZZ
2006-06-19,2007,SN,"2,70","4,80","1,50",,,,OPEN,KPIZZZ
2006-09-26,2007,SN,"2,70","5,20","1,70",,,,OPEN,KPIZZZ
2006-12-12,2007,SN,"3,40","5,40","1,90",,,,OPEN,KPIZZZ
2007-03-14,2008,SN,"3,00","5,80","2,00",,,,ILO,KPIZZZ
2007-06-13,2008,SN,"2,60","5,70","2,10",,,,ILO,KPIZZZ
2007-09-11,2008,SN,"2,80","5,40","2,50",,,,ILO,KPIZZZ
2007-12-12,2008,SN,"2,10","5,40","2,50",,"1,80",,EU,KPIX
2008-03-14,2009,SN,"2,60","5,10","2,70",,"2,40",,EU,KPIX
2008-06-12,2009,SN,"2,30","5,50","3,00",,"2,70",,EU,KPIX
2008-09-11,2009,SN,"1,30","7,00","2,50",,,,EU,KPIZZZ
2008-12-17,2009,SN,"-1,20","8,10","-0,20",,"0,50",,EU,KPIX
2009-03-12,2010,SN,"-0,10","9,80","1,60",,"1,30",,EU,KPIX
2009-06-09,2010,SN,"1,00","9,80","1,00",,,,EU,KPIZZZ
2009-08-24,2010,SN,"1,00","9,70","1,30",,"1,60",,EU,KPIF
2009-12-07,2010,SN,"1,70","9,60","1,40",,"1,50",,EU,KPIF
2010-03-15,2011,SN,"2,60","9,20","3,30",,,,EU,KPIZZZ
2010-06-08,2011,SN,"2,70","8,60","2,80","3,00","1,50",,EU,KPIF
2010-08-31,2011,SN,"2,70","8,70","1,90","2,00","1,40",,EU,KPIF
2010-12-09,2011,SN,"2,60","8,00","2,00","2,00","1,60",,EU,KPIF
2011-03-01,2012,SN,"2,80","7,20","2,90","3,50","2,40",,EU,KPIF
2011-06-01,2012,SN,"2,40","7,40","2,80","3,25","2,30",,EU,KPIF
2011-09-01,2012,SN,"0,20","7,90","1,60","1,50","1,50",,EU,KPIF
2011-12-01,2012,SN,"0,20","8,10","1,30","1,25","1,40",,EU,KPIF
2012-03-22,2013,SN,"1,70","7,90","1,70","1,50","1,70",,EU,KPIF
2012-06-19,2013,SN,"1,70","7,90","1,40","1,50","1,60",,EU,KPIF
2012-09-24,2013,SN,"1,20","8,00","1,10","1,00","1,50",,EU,KPIF
2012-12-17,2013,SN,"0,30","8,20","0,30","0,75","1,10",,EU,KPIF
2013-03-19,2014,SN,"2,20","8,10","2,00","1,50","1,70",,EU,KPIF
2013-06-18,2014,SN,"2,10","8,40","1,90","1,50","1,70",,EU,KPIF
2014-02-04,2015,SN,"3,40","7,30","2,20","1,30","1,60",,EU,KPIF
2014-06-18,2015,SN,"3,30","7,30","1,90","0,90","1,50",,EU,KPIF
2014-11-05,2015,SN,"3,10","7,50","0,70",,"1,40",,EU,KPIF
1994-03-01,1994,KI,"2,00","8,00","1,50",,,,OPEN,KPIZZZ
1994-09-01,1994,KI,"2,40","7,90","2,30",,,,OPEN,KPIZZZ
1994-12-01,1994,KI,"1,80","7,90","2,20",,,,OPEN,KPIZZZ
1995-03-01,1995,KI,"2,50","7,40","2,70",,,,OPEN,KPIZZZ
1995-05-01,1995,KI,"2,60","7,40","3,00",,,,OPEN,KPIZZZ
1995-09-01,1995,KI,"3,90","7,50","2,60",,,,OPEN,KPIZZZ
1995-12-01,1995,KI,"3,60","7,60","2,50",,,,OPEN,KPIZZZ
1996-03-01,1996,KI,"1,00","7,50","1,70",,,,OPEN,KPIZZZ
1996-06-01,1996,KI,"0,80","7,90","1,40",,,,OPEN,KPIZZZ
1996-08-01,1996,KI,"1,50","7,90","1,20",,,,OPEN,KPIZZZ
1996-11-01,1996,KI,"1,50","7,90","0,80",,,,OPEN,KPIZZZ
1997-03-01,1997,KI,"2,00","8,30","0,50",,,,OPEN,KPIZZZ
1997-06-01,1997,KI,"2,10","8,50","0,90",,,,OPEN,KPIZZZ
1997-08-01,1997,KI,"2,10","8,50","1,00",,,,OPEN,KPIZZZ
1997-11-01,1997,KI,"1,90","8,10","0,90",,,,OPEN,KPIZZZ
1998-03-01,1998,KI,"2,90","6,70","1,10",,,,OPEN,KPIZZZ
1998-06-01,1998,KI,"2,90","6,70","0,50",,,,OPEN,KPIZZZ
1998-08-01,1998,KI,"3,00","6,70","0,60",,,,OPEN,KPIZZZ
1998-11-01,1998,KI,"2,90","6,60","0,40",,,,OPEN,KPIZZZ
1999-03-01,1999,KI,"2,20","5,90","0,10",,,,OPEN,KPIZZZ
1999-08-01,1999,KI,"3,80","5,30","0,30",,,,OPEN,KPIZZZ
1999-11-01,1999,KI,"3,60","5,40","0,30",,,,OPEN,KPIZZZ
2000-03-01,2000,KI,"3,90","4,70","1,40",,"1,40",,OPEN,KPIZZZ
2000-06-01,2000,KI,"4,40","4,60","1,20","4,25","1,30",,OPEN,KPIZZZ
2000-08-01,2000,KI,"4,10","4,70","1,20",,,,OPEN,KPIZZZ
2000-11-01,2000,KI,"3,80","4,70","1,30",,,,OPEN,KPIZZZ
2001-03-01,2001,KI,"2,80","3,90","1,60",,,,OPEN,KPIZZZ
2001-06-01,2001,KI,"2,00","4,10","2,40","4,00","2,40",,OPEN,KPIX
2001-08-01,2001,KI,"1,60","4,00","2,60","3,75","2,60",,OPEN,KPIX
2001-11-01,2001,KI,"1,20","4,00","2,60","3,50","2,70",,OPEN,KPIX
2002-03-01,2002,KI,"1,30","4,30","2,10","3,75","2,50",,OPEN,KPIX
2002-06-01,2002,KI,"1,70","4,20","2,40","4,25","2,60",,OPEN,KPIX
2002-08-01,2002,KI,"1,90","4,00","2,40","4,25","2,50",,OPEN,KPIX
2002-12-01,2002,KI,"1,60","4,00","2,40","3,75","2,60",,OPEN,KPIX
2003-03-01,2003,KI,"1,40","4,60","2,30","3,50","2,40",,OPEN,KPIX
2003-06-01,2003,KI,"1,30","4,70","1,80","2,50","2,10",,OPEN,KPIX
2003-08-01,2003,KI,"1,30","4,70","2,00","2,50","2,30",,OPEN,KPIX
2003-12-01,2003,KI,"1,50","4,80","2,00","2,75","2,30",,OPEN,KPIX
2004-03-01,2004,KI,"2,50","5,60","0,20","1,75","0,60",,OPEN,KPIX
2004-06-01,2004,KI,"2,90","5,60","0,60","2,00","1,00",,OPEN,KPIX
2004-08-01,2004,KI,"3,50","5,50","0,50","2,00","1,00",,OPEN,KPIX
2004-10-01,2004,KI,"3,80","5,50","0,50",,"0,90",,OPEN,KPIX
2004-12-20,2004,KI,"3,80","5,50","0,50","2,00","0,90",,OPEN,KPIX
2005-03-01,2005,KI,"3,00","5,10","0,30","1,50","0,60",,OPEN,KPIX
2005-06-01,2005,KI,"2,10","5,60","0,20","1,50","0,50",,OPEN,KPIX
2005-08-01,2005,KI,"2,40","5,80","0,40","1,50","0,70",,OPEN,KPIX
2005-10-01,2005,KI,"2,50","5,90","0,50","1,50","0,80",,OPEN,KPIX
2005-12-01,2005,KI,"2,70","5,90","0,50","1,50","0,80",,OPEN,KPIX
2006-03-01,2006,KI,"3,70","4,90","1,40","2,25","1,30",,OPEN,KPIX
2006-06-21,2006,KI,"3,80","5,10","1,40","2,25","1,30",,OPEN,KPIX
2006-08-30,2006,KI,"4,10","5,40","1,50","2,50","1,20",,OPEN,KPIX
2006-12-20,2006,KI,"4,30","5,40","1,40","3,00","1,20",,OPEN,KPIX
2007-03-29,2007,KI,"3,90","4,80","1,70","3,50","0,90",,OPEN,KPIX
2007-06-19,2007,KI,"3,60","4,70","2,10","3,75","1,10",,OPEN,KPIX
2007-08-29,2007,KI,"3,50","4,50","2,20","4,00","1,20",,OPEN,KPIX
2008-01-23,2008,KI,"3,00","5,60","3,70","4,00","2,70",,ILO,KPIX
2008-03-31,2008,KI,"2,50","5,90","2,90","4,00","2,20",,ILO,KPIX
2008-06-18,2008,KI,"2,40","5,80","3,70","4,50","2,70",,ILO,KPIX
2008-08-27,2008,KI,"1,70","5,90","3,80","4,50","3,00",,ILO,KPIF
2008-10-29,2008,KI,"1,20","6,10","3,70","3,25","2,80",,ILO,KPIF
2008-12-19,2008,KI,"0,80","6,10","3,50","2,00","2,70",,ILO,KPIF
2009-03-31,2009,KI,"-3,90","8,70","-0,30","0,25","1,70","-2,70",ILO,KPIF
2009-06-17,2009,KI,"-5,40","9,00","-0,30","0,25","1,70","-2,30",ILO,KPIF
2009-08-26,2009,KI,"-5,00","8,80","-0,20","0,25","1,90","-2,30",ILO,KPIF
2009-12-18,2009,KI,"-4,40","8,50","-0,30","0,25","1,90","-1,50",ILO,KPIF
2010-03-30,2010,KI,"2,40","9,10","1,00","0,75","1,90","-1,20",ILO,KPIF
2010-06-23,2010,KI,"3,70","8,90","1,10","0,75","2,00","-0,80",ILO,KPIF
2010-09-01,2010,KI,"4,30","8,50","1,10","1,00","2,00","-0,60",ILO,KPIF
2010-12-15,2010,KI,"5,60","8,50","1,30","1,25","2,10","-0,80",ILO,KPIF
2011-03-31,2011,KI,"4,20","7,30","3,20","2,25","1,70","0,1",ILO,KPIF
2011-06-22,2011,KI,"4,40","7,50","3,00","2,25","1,70","0,2",EU,KPIF
2011-08-31,2011,KI,"4,30","7,50","3,00","2,00","1,50","-0,1",EU,KPIF
2011-12-21,2011,KI,"4,50","7,50","3,00","1,75","1,40","0,1",EU,KPIF
2012-03-28,2012,KI,"0,40","7,70","1,50","1,50","1,40","-0,40",EU,KPIF
2012-06-20,2012,KI,"0,70","7,50","1,20","1,50","1,10","-0,10",EU,KPIF
2012-08-29,2012,KI,"1,30","7,60","1,10","1,00","1,10","-0,30",EU,KPIF
2012-12-19,2012,KI,"0,90","7,70","0,90","1,00","1,00","-0,50",EU,KPIF
2013-03-27,2013,KI,"1,30","8,20","0,20","1,00","1,00","-1,40",EU,KPIF
2013-06-19,2013,KI,"1,50","8,30","0,10","1,00","1,00","-1,50",EU,KPIF
2013-08-28,2013,KI,"1,10","8,00","0,10","1,00","1,00","-1,30",EU,KPIF
2013-12-18,2013,KI,"1,00","8,00","-0,10","0,75","0,80","-1,20",EU,KPIF
2014-03-26,2014,KI,"2,60","7,90","0,10","0,75","0,70","-2,00",EU,KPIF
2014-06-18,2014,KI,"2,20","8,10","-0,10","0,50","0,50","-2,10",EU,KPIF
2014-08-27,2014,KI,"1,80","7,90","0,00","0,25","0,60","-2,20",EU,KPIF
2014-12-18,2014,KI,"1,70","7,90","-0,20","0,00","0,50","-2,20",EU,KPIF
1994-03-01,1995,KI,"2,80","7,50","2,70",,,,OPEN,KPIZZZ
1994-09-01,1995,KI,"3,00","7,70","3,30",,,,OPEN,KPIZZZ
1994-12-01,1995,KI,"2,10","7,50","3,20",,,,OPEN,KPIZZZ
1995-03-01,1996,KI,"2,50","6,80","3,10",,,,OPEN,KPIZZZ
1995-05-01,1996,KI,"2,90","6,70","2,70",,,,OPEN,KPIZZZ
1995-09-01,1996,KI,"2,00","6,70","3,00",,,,OPEN,KPIZZZ
1995-12-01,1996,KI,"2,00","6,90","2,50",,,,OPEN,KPIZZZ
1996-03-01,1997,KI,"2,40","7,00","2,10",,,,OPEN,KPIZZZ
1996-06-01,1997,KI,"2,20","7,00","2,10",,,,OPEN,KPIZZZ
1996-08-01,1997,KI,"2,20","7,00","1,80",,,,OPEN,KPIZZZ
1996-11-01,1997,KI,"2,70","7,20","1,00",,,,OPEN,KPIZZZ
1997-03-01,1998,KI,"2,50","7,80","1,50",,,,OPEN,KPIZZZ
1997-06-01,1998,KI,"3,00","7,70","1,50",,,,OPEN,KPIZZZ
1997-08-01,1998,KI,"3,10","7,70","1,60",,,,OPEN,KPIZZZ
1997-11-01,1998,KI,"3,00","6,90","2,00",,,,OPEN,KPIZZZ
1998-03-01,1999,KI,"2,70","6,50","1,50",,,,OPEN,KPIZZZ
1998-06-01,1999,KI,"3,30","6,20","0,50",,,,OPEN,KPIZZZ
1998-08-01,1999,KI,"3,30","6,20","0,50",,,,OPEN,KPIZZZ
1998-11-01,1999,KI,"2,30","6,10","0,30",,,,OPEN,KPIZZZ
1999-03-01,2000,KI,"2,90","5,70","0,50",,,,OPEN,KPIZZZ
1999-08-01,2000,KI,"3,20","4,50","1,20",,,,OPEN,KPIZZZ
1999-11-01,2000,KI,"3,80","4,60","1,10",,,,OPEN,KPIZZZ
2000-03-01,2001,KI,"3,30","4,00","1,70",,"1,40",,OPEN,KPIZZZ
2000-06-01,2001,KI,"3,50","3,90","1,60","5,00","1,30",,OPEN,KPIZZZ
2000-08-01,2001,KI,"3,60","3,90","1,50",,,,OPEN,KPIZZZ
2000-11-01,2001,KI,"3,40","3,80","1,70",,,,OPEN,KPIZZZ
2001-03-01,2002,KI,"3,10","3,60","1,60",,,,OPEN,KPIZZZ
2001-06-01,2002,KI,"3,10","3,70","1,80","4,25","1,70",,OPEN,KPIX
2001-08-01,2002,KI,"2,70","3,90","1,80","3,75","2,00",,OPEN,KPIX
2001-11-01,2002,KI,"1,50","4,30","1,80","3,25","2,20",,OPEN,KPIX
2002-03-01,2003,KI,"2,70","4,10","2,10","4,25","1,90",,OPEN,KPIX
2002-06-01,2003,KI,"2,70","4,10","2,00","4,50","1,80",,OPEN,KPIX
2002-08-01,2003,KI,"2,70","4,10","2,00","4,50","1,80",,OPEN,KPIX
2002-12-01,2003,KI,"1,80","4,40","2,10","3,75","2,20",,OPEN,KPIX
2003-03-01,2004,KI,"2,80","4,30","1,60","4,00","1,30",,OPEN,KPIX
2003-06-01,2004,KI,"2,50","4,60","0,60","2,75","0,60",,OPEN,KPIX
2003-08-01,2004,KI,"2,50","4,60","0,70","2,75","0,90",,OPEN,KPIX
2003-12-01,2004,KI,"2,20","5,30","0,70","2,50","1,00",,OPEN,KPIX
2004-03-01,2005,KI,"2,60","5,30","1,40","2,75","1,30",,OPEN,KPIX
2004-06-01,2005,KI,"2,70","5,30","1,60","3,00","1,30",,OPEN,KPIX
2004-08-01,2005,KI,"3,00","5,10","1,60","3,00","1,40",,OPEN,KPIX
2004-10-01,2005,KI,"3,30","4,90","1,70",,"1,30",,OPEN,KPIX
2004-12-20,2005,KI,"3,20","5,00","1,10","2,50","1,10",,OPEN,KPIX
2005-03-01,2006,KI,"2,90","4,60","1,70","2,75","1,30",,OPEN,KPIX
2005-06-01,2006,KI,"2,80","5,40","1,00","2,25","1,10",,OPEN,KPIX
2005-08-01,2006,KI,"2,90","5,40","1,00","2,25","1,20",,OPEN,KPIX
2005-10-01,2006,KI,"3,20","5,00","1,40","2,25","1,50",,OPEN,KPIX
2005-12-01,2006,KI,"3,60","5,00","1,20","2,25","1,10",,OPEN,KPIX
2006-03-01,2007,KI,"3,20","4,30","2,10","3,75","1,50",,OPEN,KPIX
2006-06-21,2007,KI,"3,20","4,50","2,10","3,50","1,40",,OPEN,KPIX
2006-08-30,2007,KI,"3,30","4,60","1,90","3,50","1,20",,OPEN,KPIX
2006-12-20,2007,KI,"3,60","5,00","1,90","3,50","1,20",,OPEN,KPIX
2007-03-29,2008,KI,"3,40","5,80","2,20","4,00","1,70",,ILO,KPIX
2007-06-19,2008,KI,"3,70","5,50","2,30","4,50","1,80",,ILO,KPIX
2007-08-29,2008,KI,"3,80","5,40","2,50","4,75","1,80",,ILO,KPIX
2008-01-23,2009,KI,"2,80","5,60","2,80","4,50","2,00",,ILO,KPIX
2008-03-31,2009,KI,"2,50","5,90","2,90","3,75","2,00",,ILO,KPIX
2008-06-18,2009,KI,"2,20","5,90","2,90","4,25","2,30",,ILO,KPIX
2008-08-27,2009,KI,"1,40","6,50","2,50","3,75","2,40",,ILO,KPIF
2008-10-29,2009,KI,"-0,10","7,40","1,20","2,00","2,10",,ILO,KPIF
2008-12-19,2009,KI,"-0,90","7,90","-0,20","1,00","1,10",,ILO,KPIF
2009-03-31,2010,KI,"0,90","10,70","0,80","0,25","1,10","-4,60",ILO,KPIF
2009-06-17,2010,KI,"0,80","11,50","0,80","0,25","1,10","-4,60",ILO,KPIF
2009-08-26,2010,KI,"1,50","11,40","0,60","0,50","1,00","-3,50",ILO,KPIF
2009-12-18,2010,KI,"2,70","10,10","0,50","0,75","1,00","-2,50",ILO,KPIF
2010-03-30,2011,KI,"3,80","9,10","1,60","1,75","1,30","-1,1",ILO,KPIF
2010-06-23,2011,KI,"3,00","8,80","1,50","1,75","1,30","-1,1",ILO,KPIF
2010-09-01,2011,KI,"3,40","8,20","1,60","1,75","1,30","-0,8",ILO,KPIF
2010-12-15,2011,KI,"3,80","7,90","2,20","2,00","1,60","0,0",ILO,KPIF
2011-03-31,2012,KI,"3,10","6,90","2,20","3,00","1,30","0,40",ILO,KPIF
2011-06-22,2012,KI,"2,90","7,20","2,40","3,00","1,30","0,50",EU,KPIF
2011-08-31,2012,KI,"1,90","7,50","1,90","2,25","1,30","0,30",EU,KPIF
2011-12-21,2012,KI,"0,60","7,80","1,10","0,75","1,10","-0,40",EU,KPIF
2012-03-28,2013,KI,"2,50","7,70","1,40","1,50","1,60","0,20",EU,KPIF
2012-06-20,2013,KI,"2,30","7,60","1,40","1,50","1,50","-0,20",EU,KPIF
2012-08-29,2013,KI,"1,80","7,90","0,80","1,00","1,30","-0,40",EU,KPIF
2012-12-19,2013,KI,"0,80","8,30","0,40","0,75","1,00","-1,20",EU,KPIF
2013-03-27,2014,KI,"2,30","8,20","1,10","1,00","1,40","-1,10",EU,KPIF
2013-06-19,2014,KI,"2,50","8,30","0,80","1,00","1,30","-1,20",EU,KPIF
2013-08-28,2014,KI,"2,50","7,80","0,80","1,00","1,20","-1,50",EU,KPIF
2013-12-18,2014,KI,"2,40","7,70","0,50","1,00","1,00","-1,60",EU,KPIF
2014-03-26,2015,KI,"3,20","7,30","1,20","1,30","1,40",,EU,KPIF
2014-06-18,2015,KI,"3,00","7,70","1,10","0,60","1,30",,EU,KPIF
2014-08-27,2015,KI,"3,10","7,60","1,10","0,50","1,50",,EU,KPIF
2014-12-18,2015,KI,"2,30","7,70","0,10","0,00","0,80",,EU,KPIF
1994-04-01,1994,LO,"1,20","8,40","1,80",,,,OPEN,KPIZZZ
1994-12-01,1994,LO,"1,70","7,90","3,00",,,,OPEN,KPIZZZ
1995-05-01,1995,LO,"2,10","7,20","2,90",,,,OPEN,KPIZZZ
1995-11-01,1995,LO,"3,70","7,50","2,50",,,,OPEN,KPIZZZ
1996-05-01,1996,LO,"1,10","7,20",,,,,OPEN,KPIZZZ
1996-12-01,1996,LO,"1,60","7,90","0,70",,,,OPEN,KPIZZZ
1997-05-01,1997,LO,"2,10","8,10","0,80",,,,OPEN,KPIZZZ
1997-11-01,1997,LO,"1,80","8,10","0,90",,,,OPEN,KPIZZZ
1998-06-01,1998,LO,"3,40","6,30","0,70",,,,OPEN,KPIZZZ
1999-02-01,1999,LO,"2,30","6,10","0,30",,,,OPEN,KPIZZZ
2000-03-01,2000,LO,"4,20","4,70","1,20",,,,OPEN,KPIZZZ
2000-08-01,2000,LO,"4,30","4,80","1,30",,,,OPEN,KPIZZZ
2001-03-01,2001,LO,"3,00","4,20","1,90",,,,OPEN,KPIZZZ
2001-08-01,2001,LO,"1,80","4,20","2,60",,,,OPEN,KPIZZZ
2002-03-01,2002,LO,"1,90","4,20","1,90",,,,OPEN,KPIZZZ
2002-10-01,2002,LO,"1,80","3,80","2,20",,,,OPEN,KPIZZZ
2003-03-01,2003,LO,"1,90","4,40","2,50",,,,OPEN,KPIZZZ
2003-09-01,2003,LO,"1,80","4,70","2,00",,,,OPEN,KPIZZZ
2004-04-01,2004,LO,"2,30","5,30","0,60",,,,OPEN,KPIZZZ
2004-10-01,2004,LO,"3,60","5,50","0,50",,,,OPEN,KPIZZZ
2005-04-01,2005,LO,"3,00","5,00","0,40",,,,OPEN,KPIZZZ
2005-10-01,2005,LO,"2,50","5,90","0,50",,,,OPEN,KPIZZZ
2006-03-01,2006,LO,"3,90","5,00","1,10",,,,OPEN,KPIZZZ
2006-11-08,2006,LO,"4,30","5,30","1,40",,"1,20",,OPEN,KPIX
2007-03-27,2007,LO,"3,90","5,40","1,50",,"0,80",,OPEN,KPIX
2007-10-24,2007,LO,"3,30","4,50","2,10",,"1,10",,OPEN,KPIX
2008-04-24,2008,LO,"2,00","5,70","3,00",,"2,10",,ILO,KPIX
2008-10-22,2008,LO,"1,30","6,20","3,70",,,,ILO,KPIZZZ
2009-02-02,2009,LO,"-0,70","7,90","0,00",,,,ILO,KPIZZZ
2009-04-30,2009,LO,"-4,50","8,60","-0,50",,,,ILO,KPIZZZ
2009-09-03,2009,LO,"-5,30","8,70","-0,20",,"1,80",,ILO,KPIF
2009-11-15,2009,LO,"-4,80","10,10","-0,30","0,25",,,ILO,KPIZZZ
2010-04-27,2010,LO,"2,80","9,00","0,90",,"1,80",,ILO,KPIF
2010-11-17,2010,LO,"4,70","8,60","1,20","0,50","2,00",,EU,KPIF
2011-04-01,2011,LO,"4,30","7,60","2,40",,"1,80",,EU,KPIF
2011-12-01,2011,LO,"4,40","7,50","3,00","1,75","1,40",,EU,KPIF
2012-05-03,2012,LO,"0,00","7,80","1,40","1,50","1,30",,EU,KPIF
2012-11-16,2012,LO,"0,60","7,60","0,90","1,50","1,00",,EU,KPIF
2013-04-24,2013,LO,"1,20","8,30","0,20","1,00","1,00",,EU,KPIF
2013-11-19,2013,LO,"0,80","8,00","0,10","1,00","1,00",,EU,KPIF
2014-05-05,2014,LO,"2,50","8,10","-0,10","0,80","0,50",,EU,KPIF
2014-11-25,2014,LO,"2,10","7,90","-0,20","0,00","0,40",,EU,KPIF
1994-04-01,1995,LO,"1,80","8,20","2,70",,,,OPEN,KPIZZZ
1994-12-01,1995,LO,"2,20","7,20","3,00",,,,OPEN,KPIZZZ
1995-05-01,1996,LO,"2,10","6,70","2,80",,,,OPEN,KPIZZZ
1995-11-01,1996,LO,"1,50","6,20","2,90",,,,OPEN,KPIZZZ
1996-05-01,1997,LO,"1,90","6,90",,,,,OPEN,KPIZZZ
1996-12-01,1997,LO,"2,10","7,40","1,70",,,,OPEN,KPIZZZ
1997-05-01,1998,LO,"3,00","7,00","2,40",,,,OPEN,KPIZZZ
1997-11-01,1998,LO,"3,30","6,70","2,10",,,,OPEN,KPIZZZ
1998-06-01,1999,LO,"3,50","5,60","1,60",,,,OPEN,KPIZZZ
1999-02-01,2000,LO,"2,60","5,80","0,70",,,,OPEN,KPIZZZ
2000-03-01,2001,LO,"3,60","3,90","1,70",,,,OPEN,KPIZZZ
2000-08-01,2001,LO,"3,80","3,70","1,80",,,,OPEN,KPIZZZ
2001-03-01,2002,LO,"3,00","4,00","1,70",,,,OPEN,KPIZZZ
2001-08-01,2002,LO,"2,50","4,10","2,10",,,,OPEN,KPIZZZ
2002-03-01,2003,LO,"3,20","3,70","2,10",,,,OPEN,KPIZZZ
2002-10-01,2003,LO,"2,30","3,70","2,00",,,,OPEN,KPIZZZ
2003-03-01,2004,LO,"2,30","4,20","1,80",,,,OPEN,KPIZZZ
2003-09-01,2004,LO,"2,40","4,70","0,80",,,,OPEN,KPIZZZ
2004-04-01,2005,LO,"2,40","5,70","1,00",,,,OPEN,KPIZZZ
2004-10-01,2005,LO,"2,80","5,10","1,40",,,,OPEN,KPIZZZ
2005-04-01,2006,LO,"2,80","5,00","1,20",,,,OPEN,KPIZZZ
2005-10-01,2006,LO,"3,60","4,70","1,10",,,,OPEN,KPIZZZ
2006-03-01,2007,LO,"2,70","5,40","1,60",,,,OPEN,KPIZZZ
2006-11-08,2007,LO,"3,30","6,10","1,70",,"1,30",,OPEN,KPIX
2007-03-27,2008,LO,"3,00","6,70","2,00",,"1,50",,ILO,KPIX
2007-10-24,2008,LO,"2,70","5,80","2,20",,"1,90",,ILO,KPIX
2008-04-24,2009,LO,"2,30","6,30","1,90",,"1,60",,ILO,KPIX
2008-10-22,2009,LO,"0,30","7,40","2,00",,,,ILO,KPIZZZ
2009-02-02,2010,LO,"2,30","8,70","1,50",,,,ILO,KPIZZZ
2009-04-30,2010,LO,"0,80","9,60","0,60",,,,ILO,KPIZZZ
2009-09-03,2010,LO,"1,80","10,20","0,70",,"1,00",,ILO,KPIF
2009-11-15,2010,LO,"1,60","11,20","0,60","0,50",,,ILO,KPIZZZ
2010-04-27,2011,LO,"3,30","9,00","1,70",,"1,20",,ILO,KPIF
2010-11-17,2011,LO,"3,10","8,30","1,70","1,50","1,40",,EU,KPIF
2011-04-01,2012,LO,"3,00","7,20","2,10",,"1,50",,EU,KPIF
2011-12-01,2012,LO,"1,30","8,00","1,80",,"1,20",,EU,KPIF
2012-05-03,2013,LO,"2,50","7,90","1,30","1,50","1,50",,EU,KPIF
2012-11-16,2013,LO,"1,40","8,50","0,60","1,00","1,10",,EU,KPIF
2013-04-24,2014,LO,"2,10","8,40","1,10","1,00","1,40",,EU,KPIF
2013-11-19,2014,LO,"2,30","8,00","0,90","1,00","1,30",,EU,KPIF
2014-05-05,2015,LO,"1,90","8,10","0,90","1,30","1,10",,EU,KPIF
2014-11-25,2015,LO,"2,10","7,70","0,40","0,00","0,90",,EU,KPIF
1994-03-01,1994,NO,"2,50","8,00","1,80",,,,OPEN,KPIZZZ
1994-06-01,1994,NO,"2,10","8,00","2,10",,,,OPEN,KPIZZZ
1994-09-01,1994,NO,"1,00","7,90","2,50",,,,OPEN,KPIZZZ
1994-11-01,1994,NO,"1,50","7,90","2,40",,,,OPEN,KPIZZZ
1994-12-01,1994,NO,"1,50","7,90","2,40",,,,OPEN,KPIZZZ
1995-02-01,1995,NO,"2,00","7,20","3,30",,,,OPEN,KPIZZZ
1995-06-01,1995,NO,"1,70","7,70","3,20",,,,OPEN,KPIZZZ
1995-08-01,1995,NO,"2,40","7,70","3,10",,,,OPEN,KPIZZZ
1995-11-01,1995,NO,"3,30","7,70","2,90",,,,OPEN,KPIZZZ
1996-03-01,1996,NO,"0,80","7,30","1,70",,,,OPEN,KPIZZZ
1996-05-01,1996,NO,"0,30","7,60","1,70",,,,OPEN,KPIZZZ
1996-06-01,1996,NO,"0,30","7,60","1,70",,,,OPEN,KPIZZZ
1996-08-01,1996,NO,"1,30","7,70","1,20",,,,OPEN,KPIZZZ
1996-11-01,1996,NO,"1,50","7,90","0,80",,,,OPEN,KPIZZZ
1997-04-01,1997,NO,"1,70","8,40","0,50",,,,OPEN,KPIZZZ
1997-05-01,1997,NO,"1,70","8,40","0,50",,,,OPEN,KPIZZZ
1997-09-01,1997,NO,"2,10","8,40","1,00",,,,OPEN,KPIZZZ
1997-11-01,1997,NO,"1,90","8,10","1,10",,,,OPEN,KPIZZZ
1998-02-01,1998,NO,"2,70","7,40","1,50",,,,OPEN,KPIZZZ
1998-04-01,1998,NO,"3,10","6,70","0,80",,,,OPEN,KPIZZZ
1998-11-01,1998,NO,"3,00","6,60","0,40",,,,OPEN,KPIZZZ
1999-01-01,1999,NO,"1,80","6,30","0,10",,,,OPEN,KPIZZZ
1999-04-01,1999,NO,"2,50","6,00","0,40",,,,OPEN,KPIZZZ
1999-08-01,1999,NO,"3,60","5,60","0,30",,,,OPEN,KPIZZZ
1999-10-01,1999,NO,"3,50","5,40","0,30",,,,OPEN,KPIZZZ
2000-02-01,2000,NO,"3,60","4,80","1,90",,,,OPEN,KPIZZZ
2000-05-01,2000,NO,"4,30","5,00","1,50",,,,OPEN,KPIZZZ
2000-09-01,2000,NO,"4,10","4,90","1,20",,,,OPEN,KPIZZZ
2000-11-01,2000,NO,"4,00","4,70","1,30",,,,OPEN,KPIZZZ
2001-02-01,2001,NO,"2,60","4,40","1,30",,,,OPEN,KPIZZZ
2001-05-01,2001,NO,"2,30","3,90","1,80",,,,OPEN,KPIZZZ
2001-08-01,2001,NO,"1,50","4,10","2,50",,,,OPEN,KPIZZZ
2001-11-01,2001,NO,"1,50","4,00","2,60",,,,OPEN,KPIZZZ
2002-01-01,2002,NO,"1,30","4,50","1,80",,,,OPEN,KPIZZZ
2002-05-01,2002,NO,"1,60","4,10","2,30",,,,OPEN,KPIZZZ
2002-08-01,2002,NO,"1,90","4,00","2,30",,,,OPEN,KPIZZZ
2002-11-01,2002,NO,"1,60","4,00","2,40",,,,OPEN,KPIZZZ
2003-01-01,2003,NO,"2,10","4,20","2,30",,,,OPEN,KPIZZZ
2003-05-01,2003,NO,"1,50","4,50","2,40",,,,OPEN,KPIZZZ
2003-09-01,2003,NO,"1,60","4,80","2,10",,,,OPEN,KPIZZZ
2003-11-01,2003,NO,"1,50","4,70","2,20",,,,OPEN,KPIZZZ
2004-01-01,2004,NO,"2,50","5,10","0,90",,,,OPEN,KPIZZZ
2004-05-01,2004,NO,"2,70","5,40","0,40",,,,OPEN,KPIZZZ
2004-09-01,2004,NO,"3,40","5,70","0,60",,,,OPEN,KPIZZZ
2005-02-01,2005,NO,"3,40","5,10","0,60",,,,OPEN,KPIZZZ
2005-05-01,2005,NO,"3,20","5,10","0,40",,,,OPEN,KPIZZZ
2005-09-01,2005,NO,"2,30","5,70","0,50",,,,OPEN,KPIZZZ
2005-11-01,2005,NO,"2,60","5,80","0,50",,,,OPEN,KPIZZZ
2006-02-08,2006,NO,"3,60","5,00","1,30",,,,OPEN,KPIZZZ
2006-04-27,2006,NO,"3,60","5,20","1,10",,,,OPEN,KPIZZZ
2006-11-08,2006,NO,"4,10","5,40","1,30",,,,OPEN,KPIZZZ
2007-01-12,2007,NO,"3,40","5,30","1,40",,,,OPEN,KPIZZZ
2007-05-22,2007,NO,"3,30","4,80","1,90",,"0,90",,OPEN,KPIX
2007-09-05,2007,NO,"3,30","4,50","1,90",,"1,00",,OPEN,KPIX
2008-01-21,2008,NO,"2,10","5,70","3,20",,"2,60",,ILO,KPIX
2008-04-22,2008,NO,"2,10","5,90","3,10",,"2,40",,ILO,KPIX
2008-09-02,2008,NO,"1,50","6,00","3,80",,"3,00",,ILO,KPIF
2008-11-05,2008,NO,"1,10","6,10","3,60",,,,ILO,KPIZZZ
2009-01-20,2009,NO,"-1,50","7,70","-0,10",,"1,40",,ILO,KPIF
2009-05-11,2009,NO,"-3,80","8,60","-0,50",,"1,60",,EU,KPIF
2009-09-01,2009,NO,"-4,20","8,60","-0,30",,"1,90",,EU,KPIF
2010-01-19,2010,NO,"3,20","9,00","1,70",,"1,70",,EU,KPIF
2010-05-04,2010,NO,"2,80","8,90","1,20","1,75","1,90",,EU,KPIF
2010-09-01,2010,NO,"4,20","8,40","1,10","1,25","1,90",,EU,KPIF
2011-01-01,2011,NO,"4,50","7,30","2,70","2,50","1,80",,EU,KPIF
2011-05-01,2011,NO,"4,70","7,30","3,20","2,80","1,70",,EU,KPIF
2011-08-01,2011,NO,"4,20","7,50","3,00","2,00","1,50",,EU,KPIF
2011-12-01,2011,NO,"4,50","7,50","3,00",,"1,40",,EU,KPIF
2012-03-27,2012,NO,"-0,30","7,90","1,10","0,75","1,20",,EU,KPIF
2012-06-07,2012,NO,"0,40","7,70","1,30","1,00","1,30",,EU,KPIF
2012-09-04,2012,NO,"1,20","7,70","1,20","1,25","1,10",,EU,KPIF
2012-12-04,2012,NO,"0,80","7,70","0,90","1,00","1,00",,EU,KPIF
2013-03-19,2013,NO,"1,30","8,30","0,20","1,00","1,00",,EU,KPIF
2013-06-11,2013,NO,"1,50","8,30","0,00","1,00","0,90",,EU,KPIF
2013-09-04,2013,NO,"1,30","8,00","0,10","1,00","1,00",,EU,KPIF
2013-12-04,2013,NO,"1,00","8,00","0,00","1,00","0,90",,EU,KPIF
2014-03-12,2014,NO,"2,80","7,90","0,40","1,00","0,80",,EU,KPIF
2014-06-04,2014,NO,"2,60","8,00","-0,10","0,50","0,50",,EU,KPIF
2014-09-03,2014,NO,"1,90","7,90","0,00","0,25","0,60",,EU,KPIF
2014-12-02,2014,NO,"1,80","7,90","-0,20","0,00","0,50",,EU,KPIF
1994-03-01,1995,NO,"3,50","7,50","2,50",,,,OPEN,KPIZZZ
1994-06-01,1995,NO,"3,50","7,50","2,50",,,,OPEN,KPIZZZ
1994-09-01,1995,NO,"2,00","7,50","3,20",,,,OPEN,KPIZZZ
1994-11-01,1995,NO,"2,50","7,20","3,30",,,,OPEN,KPIZZZ
1994-12-01,1995,NO,"2,50","7,20","3,30",,,,OPEN,KPIZZZ
1995-02-01,1996,NO,"2,70","6,50","3,50",,,,OPEN,KPIZZZ
1995-06-01,1996,NO,"2,30","7,00","3,30",,,,OPEN,KPIZZZ
1995-08-01,1996,NO,"2,40","7,30","3,10",,,,OPEN,KPIZZZ
1995-11-01,1996,NO,"2,10","7,50","2,60",,,,OPEN,KPIZZZ
1996-03-01,1997,NO,"1,30","6,70","2,00",,,,OPEN,KPIZZZ
1996-05-01,1997,NO,"1,10","7,30","2,40",,,,OPEN,KPIZZZ
1996-06-01,1997,NO,"1,10","7,30","2,40",,,,OPEN,KPIZZZ
1996-08-01,1997,NO,"1,80","7,30","2,00",,,,OPEN,KPIZZZ
1996-11-01,1997,NO,"1,90","7,50","1,30",,,,OPEN,KPIZZZ
1997-04-01,1998,NO,"3,50","7,40","2,10",,,,OPEN,KPIZZZ
1997-05-01,1998,NO,"3,50","7,40","2,10",,,,OPEN,KPIZZZ
1997-09-01,1998,NO,"3,60","7,40","2,20",,,,OPEN,KPIZZZ
1997-11-01,1998,NO,"3,20","7,10","2,30",,,,OPEN,KPIZZZ
1998-02-01,1999,NO,"3,00","6,80","1,90",,,,OPEN,KPIZZZ
1998-04-01,1999,NO,"3,30","6,10","1,40",,,,OPEN,KPIZZZ
1998-11-01,1999,NO,"2,60","6,20","0,60",,,,OPEN,KPIZZZ
1999-01-01,2000,NO,"1,90","6,10","1,00",,,,OPEN,KPIZZZ
1999-04-01,2000,NO,"2,80","5,80","0,90",,,,OPEN,KPIZZZ
1999-08-01,2000,NO,"3,10","5,20","1,00",,,,OPEN,KPIZZZ
1999-10-01,2000,NO,"3,60","4,70","1,70",,,,OPEN,KPIZZZ
2000-02-01,2001,NO,"3,20","4,30","2,10",,,,OPEN,KPIZZZ
2000-05-01,2001,NO,"3,30","4,60","2,00",,,,OPEN,KPIZZZ
2000-09-01,2001,NO,"3,60","4,40","1,40",,,,OPEN,KPIZZZ
2000-11-01,2001,NO,"3,80","4,30","1,40",,,,OPEN,KPIZZZ
2001-02-01,2002,NO,"3,40","3,90","1,80",,,,OPEN,KPIZZZ
2001-05-01,2002,NO,"3,20","3,70","1,50",,,,OPEN,KPIZZZ
2001-08-01,2002,NO,"2,50","4,30","1,70",,,,OPEN,KPIZZZ
2001-11-01,2002,NO,"1,50","4,40","1,60",,,,OPEN,KPIZZZ
2002-01-01,2003,NO,"3,40","4,30","1,70",,,,OPEN,KPIZZZ
2002-05-01,2003,NO,"3,10","3,80","1,90",,,,OPEN,KPIZZZ
2002-08-01,2003,NO,"2,60","3,70","2,10",,,,OPEN,KPIZZZ
2002-11-01,2003,NO,"2,00","4,10","2,10",,,,OPEN,KPIZZZ
2003-01-01,2004,NO,"2,90","4,10","2,10",,,,OPEN,KPIZZZ
2003-05-01,2004,NO,"2,70","4,40","1,90",,,,OPEN,KPIZZZ
2003-09-01,2004,NO,"2,50","4,60","1,50",,,,OPEN,KPIZZZ
2003-11-01,2004,NO,"2,50","4,70","1,20",,,,OPEN,KPIZZZ
2004-01-01,2005,NO,"2,90","4,90","2,00",,,,OPEN,KPIZZZ
2004-05-01,2005,NO,"3,00","5,10","1,50",,,,OPEN,KPIZZZ
2004-09-01,2005,NO,"3,20","5,30","1,40",,,,OPEN,KPIZZZ
2005-02-01,2006,NO,"3,00","4,40","2,00",,,,OPEN,KPIZZZ
2005-05-01,2006,NO,"3,30","4,40","1,50",,,,OPEN,KPIZZZ
2005-09-01,2006,NO,"3,20","5,00","1,20",,,,OPEN,KPIZZZ
2005-11-01,2006,NO,"3,40","5,20","1,30",,,,OPEN,KPIZZZ
2006-02-08,2007,NO,"2,80","4,80","2,00",,,,OPEN,KPIZZZ
2006-04-27,2007,NO,"2,90","4,90","1,60",,,,OPEN,KPIZZZ
2006-11-08,2007,NO,"3,40","5,40","1,90",,,,OPEN,KPIZZZ
2007-01-12,2008,NO,"2,50","6,60","1,30",,,,ILO,KPIZZZ
2007-05-22,2008,NO,"2,80","6,00","1,40",,"1,30",,ILO,KPIX
2007-09-05,2008,NO,"2,60","5,60","1,70",,"1,50",,ILO,KPIX
2008-01-21,2009,NO,"2,00","5,70","2,20",,"1,90",,ILO,KPIX
2008-04-22,2009,NO,"1,50","6,40","1,90",,"1,90",,ILO,KPIX
2008-09-02,2009,NO,"1,00","6,50","2,60",,"2,70",,ILO,KPIF
2008-11-05,2009,NO,"-0,50","6,90","1,40",,,,ILO,KPIZZZ
2009-01-20,2010,NO,"1,30","8,70","1,10",,"1,40",,ILO,KPIF
2009-05-11,2010,NO,"1,80","10,40","1,10",,"1,40",,EU,KPIF
2009-09-01,2010,NO,"2,80","10,20","1,60",,"1,60",,EU,KPIF
2010-01-19,2011,NO,"2,40","8,90","2,40",,"1,20",,EU,KPIF
2010-05-04,2011,NO,"2,60","8,50","2,30",,"1,20",,EU,KPIF
2010-09-01,2011,NO,"2,80","7,70","2,00","2,00","1,40",,EU,KPIF
2011-01-01,2012,NO,"2,80","6,80","3,00","3,50","1,80",,EU,KPIF
2011-05-01,2012,NO,"2,30","6,80","3,00","3,50","1,90",,EU,KPIF
2011-08-01,2012,NO,"0,80","7,80","1,80","1,50","1,80",,EU,KPIF
2011-12-01,2012,NO,"0,00","8,00","1,30",,"1,30",,EU,KPIF
2012-03-27,2013,NO,"1,80","8,10","1,60","1,75","1,60",,EU,KPIF
2012-06-07,2013,NO,"1,80","8,00","1,60","1,75","1,60",,EU,KPIF
2012-09-04,2013,NO,"1,80","8,00","1,20","1,50","1,50",,EU,KPIF
2012-12-04,2013,NO,"0,80","8,40","0,30","0,75","1,10",,EU,KPIF
2013-03-19,2014,NO,"2,60","8,20","1,50","1,50","1,40",,EU,KPIF
2013-06-11,2014,NO,"2,50","8,30","1,40","1,50","1,30",,EU,KPIF
2013-09-04,2014,NO,"2,50","7,80","1,30","1,50","1,20",,EU,KPIF
2013-12-04,2014,NO,"2,40","7,70","0,90","1,50","1,10",,EU,KPIF
2014-03-12,2015,NO,"2,50","7,60","2,10","1,50","1,50",,EU,KPIF
2014-06-04,2015,NO,"2,70","7,80","1,40","1,30","1,30",,EU,KPIF
2014-09-03,2015,NO,"2,50","7,60","1,10","0,25","1,40",,EU,KPIF
2014-12-02,2015,NO,"2,50","7,70","0,30","0,00","0,90",,EU,KPIF
1994-03-01,1994,RB,,,"2,90",,,,OPEN,KPIZZZ
1994-06-01,1994,RB,,,"2,00",,,,OPEN,KPIZZZ
1994-09-01,1994,RB,,,"2,60",,,,OPEN,KPIZZZ
1994-12-01,1994,RB,,,"2,40",,,,OPEN,KPIZZZ
1995-03-01,1995,RB,,,"3,20",,,,OPEN,KPIZZZ
1995-06-01,1995,RB,,,"3,20",,,,OPEN,KPIZZZ
1995-09-01,1995,RB,,,"3,20",,,,OPEN,KPIZZZ
1995-12-01,1995,RB,,,"3,00",,,,OPEN,KPIZZZ
1996-03-01,1996,RB,,,"1,80",,,,OPEN,KPIZZZ
1996-06-01,1996,RB,"1,60","7,60","1,60",,,,OPEN,KPIZZZ
1996-10-01,1996,RB,"1,50","7,80","1,00",,,,OPEN,KPIZZZ
1996-12-01,1996,RB,"1,40","7,80","0,80",,,,OPEN,KPIZZZ
1997-03-01,1997,RB,"2,10","7,20","0,50",,,,OPEN,KPIZZZ
1997-06-01,1997,RB,"1,80","8,40","1,00",,,,OPEN,KPIZZZ
1997-10-01,1997,RB,"2,00","8,40","1,00",,,,OPEN,KPIZZZ
1997-12-01,1997,RB,"1,50","8,20","1,00",,,,OPEN,KPIZZZ
1998-03-01,1998,RB,"2,50","7,20","1,60",,,,OPEN,KPIZZZ
1998-06-01,1998,RB,"2,70","6,80","0,50",,,,OPEN,KPIZZZ
1998-10-01,1998,RB,"2,90","6,60","0,60",,,,OPEN,KPIZZZ
1998-12-01,1998,RB,"2,70","6,70","0,40",,,,OPEN,KPIZZZ
1999-03-01,1999,RB,"2,10","6,40","0,30",,"1,30",,OPEN,KPIX
1999-06-01,1999,RB,"2,50","5,80","0,20",,"1,40",,OPEN,KPIX
1999-10-01,1999,RB,"3,60","5,40","0,30",,"1,50",,OPEN,KPIX
1999-12-01,1999,RB,"3,40","5,60","0,30",,,,OPEN,KPIZZZ
2000-03-01,2000,RB,"4,00","4,50","1,40",,"1,60",,OPEN,KPIX
2000-06-01,2000,RB,"4,30","4,70","1,10",,"1,20",,OPEN,KPIX
2000-10-01,2000,RB,"4,00","4,70","1,20",,"1,40",,OPEN,KPIX
2000-12-01,2000,RB,"3,90","4,70","1,30",,"1,40",,OPEN,KPIX
2001-03-01,2001,RB,"2,40","4,20","1,60",,"1,50",,OPEN,KPIX
2001-06-01,2001,RB,"2,20","4,20","2,50",,"2,50",,OPEN,KPIX
2001-10-01,2001,RB,"1,30","4,10","2,60",,"2,80",,OPEN,KPIX
2001-12-01,2001,RB,"1,20","4,10","2,60",,"2,70",,OPEN,KPIX
2002-03-01,2002,RB,"1,60","4,40","2,30",,"2,60",,OPEN,KPIX
2002-06-01,2002,RB,"1,60","4,40","2,50",,,,OPEN,KPIZZZ
2002-10-01,2002,RB,"1,70","4,10","2,40",,"2,60",,OPEN,KPIX
2002-12-01,2002,RB,"1,50","4,00","2,40",,"2,50",,OPEN,KPIX
2003-03-01,2003,RB,"1,70","4,60","2,50",,"2,40",,OPEN,KPIX
2003-06-01,2003,RB,"1,20","4,80","2,20",,"2,30",,OPEN,KPIX
2003-10-01,2003,RB,"1,50","4,60","2,10",,"2,30",,OPEN,KPIX
2003-12-01,2003,RB,"1,50","4,80","2,10",,"2,30",,OPEN,KPIX
2004-03-01,2004,RB,"2,80","5,00","0,40",,"0,60",,OPEN,KPIX
2004-06-01,2004,RB,"2,90","5,50","0,40",,"0,90",,OPEN,KPIX
2004-10-01,2004,RB,"3,60","5,50","0,50",,"1,00",,OPEN,KPIX
2004-12-01,2004,RB,"3,60","5,50","0,50",,"1,00",,OPEN,KPIX
2005-03-01,2005,RB,"3,20","5,10","0,10",,"0,20",,OPEN,KPIX
2005-06-01,2005,RB,"1,90","5,20","0,30",,"0,50",,OPEN,KPIX
2005-10-01,2005,RB,"2,30","5,90","0,50",,"0,80",,OPEN,KPIX
2005-11-01,2005,RB,"2,40","5,90","0,40",,"0,80",,OPEN,KPIX
2006-02-23,2006,RB,"3,50","5,00","1,10",,"0,90",,OPEN,KPIX
2006-06-20,2006,RB,"3,70","5,50","1,50",,"1,30",,OPEN,KPIX
2006-10-20,2006,RB,"4,30","5,40","1,30",,"1,20",,OPEN,KPIX
2007-02-15,2007,RB,"3,50","5,10","1,50","3,54","0,70",,OPEN,KPIX
2007-06-19,2007,RB,"3,10","4,70","2,10","3,96","1,10",,OPEN,KPIX
2007-10-30,2007,RB,"3,10","4,60","2,10","4,06","1,10",,OPEN,KPIX
2007-12-19,2007,RB,"2,60",,"2,20",,"1,20",,OPEN,KPIX
2008-02-13,2008,RB,"2,40","5,90","3,40","4,35","2,50",,EU,KPIX
2008-04-23,2008,RB,"2,60","6,00","3,50","4,35","2,60",,EU,KPIX
2008-07-03,2008,RB,"2,10","5,90","3,90","4,92","3,10",,EU,KPIF
2008-09-04,2008,RB,"1,40","6,20","3,90","4,78","3,10",,EU,KPIF
2008-10-23,2008,RB,"1,20","6,20","3,70","3,63","2,80",,EU,KPIF
2008-12-04,2008,RB,"0,90","6,20","3,50",,"2,70",,EU,KPIF
2009-02-11,2009,RB,"-1,60","8,00","-0,50","0,80","1,60",,EU,KPIF
2009-04-21,2009,RB,"-4,50","8,70","-0,30","0,45","1,90",,EU,KPIF
2009-07-02,2009,RB,"-5,40","8,80","-0,20","0,25","1,90",,EU,KPIF
2009-09-03,2009,RB,"-4,90","8,60","-0,30","0,25","1,90",,EU,KPIF
2009-10-22,2009,RB,"-4,60","8,50","-0,40","0,25","1,80",,EU,KPIF
2009-12-16,2009,RB,"-4,50","8,50","-0,30",,"1,90",,EU,KPIF
2010-02-11,2010,RB,"2,50","9,40","1,60","0,89","1,90",,EU,KPIF
2010-04-20,2010,RB,"2,20","9,00","1,10","0,89","2,00",,EU,KPIF
2010-07-01,2010,RB,"3,80","8,90","1,20","1,09","2,00",,EU,KPIF
2010-09-02,2010,RB,"4,10","8,50","1,10","1,12","2,00",,EU,KPIF
2010-10-26,2010,RB,"4,80","8,40","1,20","1,13","2,00",,EU,KPIF
2010-12-15,2010,RB,"5,50","8,40","1,30",,"2,10",,EU,KPIF
2011-02-01,2011,RB,"4,40","7,30","2,50","2,37","1,90",,EU,KPIF
2011-04-01,2011,RB,"4,60","7,30","3,20","2,37","1,60",,EU,KPIF
2011-07-01,2011,RB,"4,40","7,40","3,10","2,41","1,60",,EU,KPIF
2011-09-01,2011,RB,"4,50","7,50","3,00","2,11","1,50",,EU,KPIF
2011-10-20,2011,RB,"4,20","7,50","3,00","2,02","1,50",,EU,KPIF
2011-12-20,2011,RB,"4,60","7,50","3,00",,"1,40",,EU,KPIF
2012-02-16,2012,RB,"0,70","7,70","1,40","1,50","1,10",,EU,KPIF
2012-04-18,2012,RB,"0,40","7,70","1,20","1,50","1,10",,EU,KPIF
2012-07-04,2012,RB,"0,60","7,60","1,10","1,42","1,00",,EU,KPIF
2012-09-06,2012,RB,"1,50","7,60","1,20","1,25","1,10",,EU,KPIF
2012-10-25,2012,RB,"0,90","7,70","0,90","1,21","1,00",,EU,KPIF
2012-12-18,2012,RB,"0,90","7,70","0,90","1,10","0,90",,EU,KPIF
2013-02-13,2013,RB,"1,20","8,10","0,40","1,14","1,00",,EU,KPIF
2013-04-17,2013,RB,"1,40","8,20","0,10","0,94","1,00",,EU,KPIF
2013-07-03,2013,RB,"1,50","8,20","0,10","0,94","0,90",,EU,KPIF
2013-09-05,2013,RB,"1,20","8,10","0,10","0,96","1,00",,EU,KPIF
2013-10-24,2013,RB,"0,70","8,00","0,00","0,95","0,90",,EU,KPIF
2013-12-17,2013,RB,"0,90","8,00","-0,10","0,75","0,80",,EU,KPIF
2014-02-13,2014,RB,"2,40","7,80","0,60","0,71","0,90",,EU,KPIF
2014-04-09,2014,RB,"2,70","7,90","0,20","0,65","0,70",,EU,KPIF
2014-07-03,2014,RB,"2,20","8,00","-0,10","0,22","0,60",,EU,KPIF
2014-09-04,2014,RB,"1,70","7,90","0,00","0,22","0,60",,EU,KPIF
2014-10-28,2014,RB,"1,90","7,90","-0,20","0,10","0,50",,EU,KPIF
2014-12-16,2014,RB,"1,80","7,90","-0,20","0,10","0,50",,EU,KPIF
1994-03-01,1995,RB,,,"2,90",,,,OPEN,KPIZZZ
1994-06-01,1995,RB,,,"3,10",,,,OPEN,KPIZZZ
1994-09-01,1995,RB,,,"3,50",,,,OPEN,KPIZZZ
1994-12-01,1995,RB,,,"3,50",,,,OPEN,KPIZZZ
1995-03-01,1996,RB,,,"3,90",,,,OPEN,KPIZZZ
1995-06-01,1996,RB,,,"3,50",,,,OPEN,KPIZZZ
1995-09-01,1996,RB,,,"3,50",,,,OPEN,KPIZZZ
1995-12-01,1996,RB,,,"3,10",,,,OPEN,KPIZZZ
1996-03-01,1997,RB,,,"2,40",,,,OPEN,KPIZZZ
1996-06-01,1997,RB,"1,80","7,50","2,30",,,,OPEN,KPIZZZ
1996-10-01,1997,RB,"2,50","6,90","1,70",,,,OPEN,KPIZZZ
1996-12-01,1997,RB,"2,60","6,90","1,00",,,,OPEN,KPIZZZ
1997-03-01,1998,RB,"3,10","6,70","2,00",,,,OPEN,KPIZZZ
1997-06-01,1998,RB,"3,10","7,60","2,00",,,,OPEN,KPIZZZ
1997-10-01,1998,RB,"3,00","7,60","2,00",,,,OPEN,KPIZZZ
1997-12-01,1998,RB,"2,80","7,20","2,00",,,,OPEN,KPIZZZ
1998-03-01,1999,RB,"2,90","6,30","2,10",,,,OPEN,KPIZZZ
1998-06-01,1999,RB,"3,00","6,10","0,90",,,,OPEN,KPIZZZ
1998-10-01,1999,RB,"2,80","6,00","0,80",,,,OPEN,KPIZZZ
1998-12-01,1999,RB,"2,10","6,40","0,60",,,,OPEN,KPIZZZ
1999-03-01,2000,RB,"2,50","6,30","1,00",,"1,80",,OPEN,KPIX
1999-06-01,2000,RB,"3,00","5,50","1,00",,"1,80",,OPEN,KPIX
1999-10-01,2000,RB,"3,80","4,60","1,10",,"1,80",,OPEN,KPIX
1999-12-01,2000,RB,"3,70","4,90","1,40",,"1,80",,OPEN,KPIX
2000-03-01,2001,RB,"3,50","3,90","1,60",,"1,80",,OPEN,KPIX
2000-06-01,2001,RB,"3,50","4,10","1,40",,"1,60",,OPEN,KPIX
2000-10-01,2001,RB,"3,70","4,00","1,40",,"1,50",,OPEN,KPIX
2000-12-01,2001,RB,"3,40","4,20","1,60",,"1,70",,OPEN,KPIX
2001-03-01,2002,RB,"2,40","4,20","1,90",,"1,90",,OPEN,KPIX
2001-06-01,2002,RB,"2,50","4,10","2,10",,"2,10",,OPEN,KPIX
2001-10-01,2002,RB,"2,20","4,10","2,00",,"2,40",,OPEN,KPIX
2001-12-01,2002,RB,"1,80","4,40","1,80",,"2,10",,OPEN,KPIX
2002-03-01,2003,RB,"3,00","4,30","2,20",,"2,10",,OPEN,KPIX
2002-06-01,2003,RB,"2,70","4,40","2,20",,,,OPEN,KPIZZZ
2002-10-01,2003,RB,"2,30","4,30","2,20",,"1,90",,OPEN,KPIX
2002-12-01,2003,RB,"2,10","4,30","2,10",,"1,90",,OPEN,KPIX
2003-03-01,2004,RB,"2,40","4,40","1,50",,"1,20",,OPEN,KPIX
2003-06-01,2004,RB,"2,40","4,70","1,30",,"1,10",,OPEN,KPIX
2003-10-01,2004,RB,"2,40","4,60","1,10",,"1,20",,OPEN,KPIX
2003-12-01,2004,RB,"2,40","4,80","1,10",,"1,10",,OPEN,KPIX
2004-03-01,2005,RB,"2,60","4,90","1,50",,"1,20",,OPEN,KPIX
2004-06-01,2005,RB,"2,80","5,20","1,20",,"1,10",,OPEN,KPIX
2004-10-01,2005,RB,"3,20","5,10","1,30",,"1,20",,OPEN,KPIX
2004-12-01,2005,RB,"3,00","5,20","1,20",,"1,30",,OPEN,KPIX
2005-03-01,2006,RB,"3,20","4,40","1,50",,"1,40",,OPEN,KPIX
2005-06-01,2006,RB,"2,70","4,90","1,20",,"1,10",,OPEN,KPIX
2005-10-01,2006,RB,"3,00","5,00","1,50",,"1,40",,OPEN,KPIX
2005-11-01,2006,RB,"3,20","5,00","1,40",,"1,20",,OPEN,KPIX
2006-02-23,2007,RB,"2,80","4,80","2,10",,"1,50",,OPEN,KPIX
2006-06-20,2007,RB,"2,80","5,10","2,30",,"1,60",,OPEN,KPIX
2006-10-20,2007,RB,"3,10","5,40","2,00",,"1,30",,OPEN,KPIX
2007-02-15,2008,RB,"2,90","4,80","2,10","3,64","1,60",,OPEN,KPIX
2007-06-19,2008,RB,"3,00","4,50","2,30","4,33","2,00",,OPEN,KPIX
2007-10-30,2008,RB,"2,80","5,80","2,90","4,41","2,00",,ILO,KPIX
2007-12-19,2008,RB,"2,40",,"3,60","4,36","2,70",,ILO,KPIX
2008-02-13,2009,RB,"2,00","5,90","2,50","4,30","2,20",,EU,KPIX
2008-04-23,2009,RB,"1,80","6,20","2,80","4,30","2,40",,EU,KPIX
2008-07-03,2009,RB,"1,20","6,50","3,50","4,75","3,10",,EU,KPIF
2008-09-04,2009,RB,"0,80","6,80","3,50","4,45","2,90",,EU,KPIF
2008-10-23,2009,RB,"0,10","6,90","2,10","3,23","2,00",,EU,KPIF
2008-12-04,2009,RB,"-0,50","7,40","1,20","2,05","1,70",,EU,KPIF
2009-02-11,2010,RB,"1,70","9,10","1,60","1,35","1,60",,EU,KPIF
2009-04-21,2010,RB,"1,30","10,70","1,30","0,57","1,80",,EU,KPIF
2009-07-02,2010,RB,"1,40","11,00","1,40","0,52","1,90",,EU,KPIF
2009-09-03,2010,RB,"1,90","10,80","1,20","0,52","1,60",,EU,KPIF
2009-10-22,2010,RB,"2,50","10,30","0,90","0,52","1,30",,EU,KPIF
2009-12-16,2010,RB,"2,70","10,10","0,80","0,52","1,20",,EU,KPIF
2010-02-11,2011,RB,"3,40","9,40","2,90","2,60","1,40",,EU,KPIF
2010-04-20,2011,RB,"3,70","8,80","2,10","2,60","1,30",,EU,KPIF
2010-07-01,2011,RB,"3,60","8,50","2,00","2,53","1,40",,EU,KPIF
2010-09-02,2011,RB,"3,50","7,90","1,90","2,53","1,30",,EU,KPIF
2010-10-26,2011,RB,"3,80","7,60","1,70","2,13","1,30",,EU,KPIF
2010-12-15,2011,RB,"4,40","7,50","2,20","2,14","1,70",,EU,KPIF
2011-02-01,2012,RB,"2,40","6,80","2,10","3,14","1,50",,EU,KPIF
2011-04-01,2012,RB,"2,30","6,70","2,80","3,14","1,70",,EU,KPIF
2011-07-01,2012,RB,"2,20","6,70","2,70","3,14","1,70",,EU,KPIF
2011-09-01,2012,RB,"1,70","7,20","2,10","2,65","1,50",,EU,KPIF
2011-10-20,2012,RB,"1,50","7,20","1,90","2,41","1,30",,EU,KPIF
2011-12-20,2012,RB,"1,30","7,50","1,50","1,78","1,20",,EU,KPIF
2012-02-16,2013,RB,"2,10","7,70","1,90","2,09","1,70",,EU,KPIF
2012-04-18,2013,RB,"1,90","7,70","1,90","2,09","1,70",,EU,KPIF
2012-07-04,2013,RB,"1,70","7,70","1,70","1,89","1,70",,EU,KPIF
2012-09-06,2013,RB,"1,90","7,60","1,30","1,66","1,60",,EU,KPIF
2012-10-25,2013,RB,"1,80","7,90","0,70","1,40","1,10",,EU,KPIF
2012-12-18,2013,RB,"1,20","8,10","0,30","1,16","0,90",,EU,KPIF
2013-02-13,2014,RB,"2,70","7,80","2,10","1,89","1,80",,EU,KPIF
2013-04-17,2014,RB,"2,70","7,80","1,40","1,42","1,40",,EU,KPIF
2013-07-03,2014,RB,"2,80","8,10","1,30","1,42","1,40",,EU,KPIF
2013-09-05,2014,RB,"2,70","7,90","1,30","1,42","1,40",,EU,KPIF
2013-10-24,2014,RB,"2,60","7,80","1,20","1,35","1,30",,EU,KPIF
2013-12-17,2014,RB,"2,50","7,80","0,60","0,71","1,00",,EU,KPIF
2014-02-13,2015,RB,"3,60","7,20","2,50","2,03","1,80",,EU,KPIF
2014-04-09,2015,RB,"3,20","7,30","2,20","1,86","1,70",,EU,KPIF
2014-07-03,2015,RB,"3,30","7,30","1,30","0,63","1,60",,EU,KPIF
2014-09-04,2015,RB,"3,00","7,30","1,30","0,63","1,70",,EU,KPIF
2014-10-28,2015,RB,"2,70","7,40","0,40","0,00","1,20",,EU,KPIF
2014-12-16,2015,RB,"2,60","7,50","0,30","0,00","1,00",,EU,KPIF
1994-04-01,1994,SEB,"2,30","8,50","1,90",,,,OPEN,KPIZZZ
1994-10-01,1994,SEB,"2,20","8,10","2,30",,,,OPEN,KPIZZZ
1995-02-01,1995,SEB,"2,20","7,50","3,20",,,,OPEN,KPIZZZ
1995-06-01,1995,SEB,"2,20","7,50","3,20",,,,OPEN,KPIZZZ
1995-11-01,1995,SEB,"3,80","7,70","2,90",,,,OPEN,KPIZZZ
1996-03-01,1996,SEB,"1,30","7,50","2,00",,,,OPEN,KPIZZZ
1996-05-01,1996,SEB,"1,10","7,50","1,80",,,,OPEN,KPIZZZ
1996-10-01,1996,SEB,"1,80","7,70","0,80",,,,OPEN,KPIZZZ
1997-03-01,1997,SEB,"2,10","7,50","0,80",,,,OPEN,KPIZZZ
1997-10-01,1997,SEB,"2,20","8,10","1,00",,,,OPEN,KPIZZZ
1998-03-01,1998,SEB,"2,70","6,90","1,30",,,,OPEN,KPIZZZ
1998-05-01,1998,SEB,"3,30","6,50","0,60",,,,OPEN,KPIZZZ
1998-09-01,1998,SEB,"3,00","6,50","0,60",,,,OPEN,KPIZZZ
1998-11-01,1998,SEB,"3,00","6,60","0,40",,,,OPEN,KPIZZZ
1999-02-01,1999,SEB,"2,40","6,20","0,50",,,,OPEN,KPIZZZ
1999-05-01,1999,SEB,"3,10","5,90","0,50",,,,OPEN,KPIZZZ
1999-09-01,1999,SEB,"4,00","5,50","0,40",,,,OPEN,KPIZZZ
1999-12-01,1999,SEB,"4,00","5,50","0,30",,,,OPEN,KPIZZZ
2000-02-01,2000,SEB,"4,50","4,80","2,20",,,,OPEN,KPIZZZ
2000-05-01,2000,SEB,"4,50","4,80","1,60",,,,OPEN,KPIZZZ
2000-09-01,2000,SEB,"4,20","4,70","1,30",,,,OPEN,KPIZZZ
2000-12-01,2000,SEB,"4,00","4,70","1,30",,,,OPEN,KPIZZZ
2001-03-01,2001,SEB,"3,00","4,10","1,70",,,,OPEN,KPIZZZ
2001-05-01,2001,SEB,"2,20","4,10","2,50",,,,OPEN,KPIZZZ
2001-09-01,2001,SEB,"1,50","4,10","2,60",,,,OPEN,KPIZZZ
2001-11-01,2001,SEB,"1,20","4,00","2,60",,,,OPEN,KPIZZZ
2002-03-01,2002,SEB,"1,50","4,40","2,40",,,,OPEN,KPIZZZ
2002-05-01,2002,SEB,"1,50","4,20","2,60",,,,OPEN,KPIZZZ
2002-09-01,2002,SEB,"1,80","4,00","2,50",,,,OPEN,KPIZZZ
2002-11-01,2002,SEB,"1,60","4,00","2,40",,,,OPEN,KPIZZZ
2003-02-01,2003,SEB,"1,40","4,60","2,60",,"2,60",,OPEN,KPIX
2003-05-01,2003,SEB,"1,10","4,60","2,50",,"2,60",,OPEN,KPIX
2003-09-01,2003,SEB,"1,50","4,70","2,20",,"2,40",,OPEN,KPIX
2003-11-01,2003,SEB,"1,40","4,80","2,10",,"2,30",,OPEN,KPIX
2004-02-01,2004,SEB,"2,30","5,60","0,80",,"1,00",,OPEN,KPIX
2004-05-01,2004,SEB,"3,00","5,70","0,70",,"1,00",,OPEN,KPIX
2004-08-01,2004,SEB,"3,40","5,60","0,60",,"1,00",,OPEN,KPIX
2004-11-01,2004,SEB,"3,50","5,60","0,50",,"1,00",,OPEN,KPIX
2005-02-01,2005,SEB,"3,00","5,10","0,50",,"0,70",,OPEN,KPIX
2005-05-01,2005,SEB,"2,60","5,20","0,20",,"0,50",,OPEN,KPIX
2005-08-01,2005,SEB,"2,30","5,90","0,40",,"0,80",,OPEN,KPIX
2005-11-01,2005,SEB,"2,50","5,90","0,40",,"0,80",,OPEN,KPIX
2006-02-08,2006,SEB,"3,30","5,20","1,70","2,50","1,40",,OPEN,KPIX
2006-05-09,2006,SEB,"3,50","5,40","1,40","2,50","1,30",,OPEN,KPIX
2006-08-28,2006,SEB,"4,20","5,40","1,50","3,25","1,30",,OPEN,KPIX
2006-11-21,2006,SEB,"4,20","5,40","1,40","3,00","1,20",,OPEN,KPIX
2007-02-06,2007,SEB,"3,50","5,00","1,50","4,00","0,70",,OPEN,KPIX
2007-05-07,2007,SEB,"4,00","4,50","2,00","4,00","1,10",,OPEN,KPIX
2007-08-29,2007,SEB,"3,50","4,30","2,10","4,00","1,10",,OPEN,KPIX
2007-11-27,2007,SEB,"3,10","4,60","2,20","4,00","1,20",,OPEN,KPIX
2008-02-05,2008,SEB,"2,10","5,90","3,40","3,25","2,60",,ILO,KPIX
2008-05-08,2008,SEB,"2,40","5,80","3,40","4,00","2,50",,ILO,KPIX
2008-08-26,2008,SEB,"1,70","5,90","3,90","4,80","2,80",,ILO,KPIX
2008-11-25,2008,SEB,"1,10","6,10","3,60","3,00","2,50",,ILO,KPIX
2009-02-17,2009,SEB,"-2,40","8,60","-0,70","0,00","1,20",,ILO,KPIX
2009-05-12,2009,SEB,"-5,00","8,90","-0,60","0,25","1,60",,ILO,KPIF
2009-09-01,2009,SEB,"-5,00","8,40","-0,20","0,25","2,00",,ILO,KPIF
2009-11-24,2009,SEB,"-4,30","8,30","-0,30","0,25","1,30",,ILO,KPIF
2010-02-16,2010,SEB,"3,10","9,30","1,30","1,50","1,70",,EU,KPIF
2010-05-04,2010,SEB,"3,00","8,90","1,20","1,25","2,00",,EU,KPIF
2010-08-31,2010,SEB,"4,70","8,50","1,20","1,25","2,00",,EU,KPIF
2010-11-24,2010,SEB,"5,00","8,40","1,20","1,25","2,00",,EU,KPIF
2011-02-01,2011,SEB,"4,70","7,30","2,70","2,75","1,70",,EU,KPIF
2011-05-01,2011,SEB,"4,70","7,20","3,30","2,75","1,80",,EU,KPIF
2011-08-01,2011,SEB,"4,30","7,40","3,10","2,25","1,50",,EU,KPIF
2011-11-01,2011,SEB,"4,30","7,40","3,00","2,00","1,40",,EU,KPIF
2012-02-14,2012,SEB,"0,50","7,60","1,30","1,00","1,20",,EU,KPIF
2012-05-08,2012,SEB,"0,70","7,50","1,20","1,25","1,20",,EU,KPIF
2012-08-28,2012,SEB,"1,30","7,50","1,10","1,00","1,10",,EU,KPIF
2012-11-20,2012,SEB,"0,70","7,60","0,90","1,00","1,00",,EU,KPIF
2013-02-12,2013,SEB,"1,20","8,20","0,10","0,80","1,10",,EU,KPIF
2013-05-21,2013,SEB,"1,30","8,20","-0,10","0,80","0,90",,EU,KPIF
2013-08-27,2013,SEB,"1,20","8,10","0,00","1,00","0,90",,EU,KPIF
2013-11-26,2013,SEB,"0,70","8,00","0,00","0,80","0,90",,EU,KPIF
2014-02-11,2014,SEB,"2,50","7,70","0,40","0,75","0,90",,EU,KPIF
2014-05-13,2014,SEB,"2,70","7,90","-0,10","0,25","0,50",,EU,KPIF
2014-08-26,2014,SEB,"2,10","7,90","-0,10","0,15","0,60",,EU,KPIF
2014-11-25,2014,SEB,"2,10","8,00","-0,20","0,00","0,50",,EU,KPIF
1994-04-01,1995,SEB,"2,30","8,10","2,70",,,,OPEN,KPIZZZ
1994-10-01,1995,SEB,"2,70","7,80","3,80",,,,OPEN,KPIZZZ
1995-02-01,1996,SEB,"2,00","6,50","4,40",,,,OPEN,KPIZZZ
1995-06-01,1996,SEB,"2,10","6,70","3,60",,,,OPEN,KPIZZZ
1995-11-01,1996,SEB,"2,40","6,70","2,80",,,,OPEN,KPIZZZ
1996-03-01,1997,SEB,"1,70","7,30","2,30",,,,OPEN,KPIZZZ
1996-05-01,1997,SEB,"1,90","7,30","2,00",,,,OPEN,KPIZZZ
1996-10-01,1997,SEB,"2,30","7,60","1,80",,,,OPEN,KPIZZZ
1997-03-01,1998,SEB,"2,50","6,30","2,00",,,,OPEN,KPIZZZ
1997-10-01,1998,SEB,"3,30","7,10","2,00",,,,OPEN,KPIZZZ
1998-03-01,1999,SEB,"2,90","6,30","2,00",,,,OPEN,KPIZZZ
1998-05-01,1999,SEB,"3,40","5,80","1,50",,,,OPEN,KPIZZZ
1998-09-01,1999,SEB,"2,90","5,80","1,20",,,,OPEN,KPIZZZ
1998-11-01,1999,SEB,"2,40","6,10","1,00",,,,OPEN,KPIZZZ
1999-02-01,2000,SEB,"2,90","5,90","1,50",,,,OPEN,KPIZZZ
1999-05-01,2000,SEB,"3,60","5,50","2,00",,,,OPEN,KPIZZZ
1999-09-01,2000,SEB,"3,80","5,00","1,90",,,,OPEN,KPIZZZ
1999-12-01,2000,SEB,"4,10","4,80","2,20",,,,OPEN,KPIZZZ
2000-02-01,2001,SEB,"3,20","4,10","3,00",,,,OPEN,KPIZZZ
2000-05-01,2001,SEB,"3,40","4,00","2,80",,,,OPEN,KPIZZZ
2000-09-01,2001,SEB,"3,50","4,20","2,30",,,,OPEN,KPIZZZ
2000-12-01,2001,SEB,"3,60","4,20","2,20",,,,OPEN,KPIZZZ
2001-03-01,2002,SEB,"2,80","3,70","1,90",,,,OPEN,KPIZZZ
2001-05-01,2002,SEB,"2,60","4,00","2,00",,,,OPEN,KPIZZZ
2001-09-01,2002,SEB,"2,00","4,40","2,10",,,,OPEN,KPIZZZ
2001-11-01,2002,SEB,"1,50","4,70","2,00",,,,OPEN,KPIZZZ
2002-03-01,2003,SEB,"3,00","4,20","2,60",,,,OPEN,KPIZZZ
2002-05-01,2003,SEB,"2,50","4,10","2,80",,,,OPEN,KPIZZZ
2002-09-01,2003,SEB,"2,00","4,30","2,40",,,,OPEN,KPIZZZ
2002-11-01,2003,SEB,"1,80","4,40","2,30",,,,OPEN,KPIZZZ
2003-02-01,2004,SEB,"2,10","4,60","1,60",,"1,50",,OPEN,KPIX
2003-05-01,2004,SEB,"2,20","4,60","1,50",,"1,30",,OPEN,KPIX
2003-09-01,2004,SEB,"2,10","4,70","1,40",,"1,30",,OPEN,KPIX
2003-11-01,2004,SEB,"2,10","5,00","1,40",,"1,20",,OPEN,KPIX
2004-02-01,2005,SEB,"2,50","5,40","1,80",,"1,40",,OPEN,KPIX
2004-05-01,2005,SEB,"2,60","5,50","1,70",,"1,30",,OPEN,KPIX
2004-08-01,2005,SEB,"3,20","5,30","1,70",,"1,40",,OPEN,KPIX
2004-11-01,2005,SEB,"2,90","5,30","1,20",,"1,10",,OPEN,KPIX
2005-02-01,2006,SEB,"2,70","4,60","1,80",,"1,50",,OPEN,KPIX
2005-05-01,2006,SEB,"2,50","4,70","1,10",,"1,10",,OPEN,KPIX
2005-08-01,2006,SEB,"2,90","5,20","1,30",,"1,30",,OPEN,KPIX
2005-11-01,2006,SEB,"3,30","5,10","1,40",,"1,20",,OPEN,KPIX
2006-02-08,2007,SEB,"3,00","5,00","1,90","3,25","1,60",,OPEN,KPIX
2006-05-09,2007,SEB,"3,00","5,10","1,80","3,25","1,50",,OPEN,KPIX
2006-08-28,2007,SEB,"3,20","4,80","2,30","4,00","1,70",,OPEN,KPIX
2006-11-21,2007,SEB,"3,40","5,20","1,90","4,00","1,10",,OPEN,KPIX
2007-02-06,2008,SEB,"2,90","6,00","2,40","4,50","1,80",,ILO,KPIX
2007-05-07,2008,SEB,"3,40","5,50","2,20","4,80","1,70",,ILO,KPIX
2007-08-29,2008,SEB,"3,20","5,20","2,40","4,50","1,80",,ILO,KPIX
2007-11-27,2008,SEB,"2,50","5,60","3,10","3,75","2,30",,ILO,KPIX
2008-02-05,2009,SEB,"1,60","6,90","2,00","3,00","1,90",,ILO,KPIX
2008-05-08,2009,SEB,"1,20","6,90","2,60","3,25","2,30",,ILO,KPIX
2008-08-26,2009,SEB,"0,70","7,20","3,20","3,50","2,50",,ILO,KPIX
2008-11-25,2009,SEB,"-1,40","8,20","1,20","1,50","1,30",,ILO,KPIX
2009-02-17,2010,SEB,"0,40","10,20","0,40","0,00","0,70",,ILO,KPIX
2009-05-12,2010,SEB,"-0,10","9,30","0,50","0,25","1,00",,ILO,KPIF
2009-09-01,2010,SEB,"2,00","8,30","1,60","2,00","1,40",,ILO,KPIF
2009-11-24,2010,SEB,"2,80","9,80","1,20","2,00","1,30",,ILO,KPIF
2010-02-16,2011,SEB,"2,70","9,20","2,40","3,00","1,10",,EU,KPIF
2010-05-04,2011,SEB,"2,70","8,80","1,90","2,75","1,00",,EU,KPIF
2010-08-31,2011,SEB,"2,90","7,80","1,70","2,25","1,10",,EU,KPIF
2010-11-24,2011,SEB,"3,50","7,50","2,00","2,25","2,40",,EU,KPIF
2011-02-01,2012,SEB,"2,60","6,60","2,40","3,75","1,50",,EU,KPIF
2011-05-01,2012,SEB,"2,60","6,30","2,50","3,75","1,80",,EU,KPIF
2011-08-01,2012,SEB,"1,40","7,10","2,10","2,25","1,70",,EU,KPIF
2011-11-01,2012,SEB,"0,70","7,40","1,10","1,25","1,20",,EU,KPIF
2012-02-14,2013,SEB,"1,70","8,00","1,20","1,00","1,40",,EU,KPIF
2012-05-08,2013,SEB,"1,90","7,90","1,20","1,25","1,40",,EU,KPIF
2012-08-28,2013,SEB,"1,50","7,80","0,80","1,00","1,30",,EU,KPIF
2012-11-20,2013,SEB,"1,30","8,20","0,10","0,75","1,10",,EU,KPIF
2013-02-12,2014,SEB,"2,50","8,20","1,30","0,75","1,50",,EU,KPIF
2013-05-21,2014,SEB,"2,50","8,10","0,80","0,75","1,20",,EU,KPIF
2013-08-27,2014,SEB,"2,60","8,00","1,00","1,25","1,30",,EU,KPIF
2013-11-26,2014,SEB,"2,50","7,80","0,60","0,75","1,10",,EU,KPIF
2014-02-11,2015,SEB,"3,20","7,00","1,80","1,25","1,50",,EU,KPIF
2014-05-13,2015,SEB,"3,10","7,50","0,90","0,75","1,30",,EU,KPIF
2014-08-26,2015,SEB,"2,90","7,50","0,80","0,15","1,30",,EU,KPIF
2014-11-25,2015,SEB,"2,70","7,60","0,30","0,00","1,00",,EU,KPIF
1994-02-01,1994,SHB,"1,90","8,10","2,40",,,,OPEN,KPIZZZ
1994-05-01,1994,SHB,"1,80","8,10","2,00",,,,OPEN,KPIZZZ
1994-08-01,1994,SHB,"1,70","8,00","2,30",,,,OPEN,KPIZZZ
1994-11-01,1994,SHB,"2,60","8,00","2,20",,,,OPEN,KPIZZZ
1995-02-01,1995,SHB,"3,10","7,40","3,40",,,,OPEN,KPIZZZ
1995-05-01,1995,SHB,"2,50","7,50","3,30",,,,OPEN,KPIZZZ
1995-09-01,1995,SHB,"2,90","7,60","3,10",,,,OPEN,KPIZZZ
1995-12-01,1995,SHB,"3,40","7,70","2,70",,,,OPEN,KPIZZZ
1996-03-01,1996,SHB,"1,70","8,20","2,00",,,,OPEN,KPIZZZ
1996-05-01,1996,SHB,"1,30","7,90","1,80",,,,OPEN,KPIZZZ
1996-09-01,1996,SHB,"1,70","7,90","1,20",,,,OPEN,KPIZZZ
1996-11-01,1996,SHB,"1,70","8,00","0,80",,,,OPEN,KPIZZZ
1997-02-01,1997,SHB,"2,50","7,70","0,80",,,,OPEN,KPIZZZ
1997-05-01,1997,SHB,"2,00","8,20","0,50",,,,OPEN,KPIZZZ
1997-09-01,1997,SHB,"2,40","8,40","0,90",,,,OPEN,KPIZZZ
1997-11-01,1997,SHB,"1,70","8,10","0,90",,,,OPEN,KPIZZZ
1998-02-01,1998,SHB,"2,70","7,50","1,60",,,,OPEN,KPIZZZ
1998-05-01,1998,SHB,"2,80","6,60","0,50",,,,OPEN,KPIZZZ
1998-09-01,1998,SHB,"3,00","6,60","0,50",,,,OPEN,KPIZZZ
1998-11-01,1998,SHB,"2,80","6,70","0,40",,,,OPEN,KPIZZZ
1999-02-01,1999,SHB,"2,00","6,50","0,30",,,,OPEN,KPIZZZ
1999-05-01,1999,SHB,"2,80","5,70","0,60",,,,OPEN,KPIZZZ
1999-09-01,1999,SHB,"3,80","5,30","0,40",,,,OPEN,KPIZZZ
1999-11-01,1999,SHB,"3,70","5,50","0,30",,,,OPEN,KPIZZZ
2000-02-01,2000,SHB,"4,70","4,80","2,00",,,,OPEN,KPIZZZ
2000-05-01,2000,SHB,"5,00","4,70","1,30",,,,OPEN,KPIZZZ
2000-09-01,2000,SHB,"4,60","4,50","1,20",,,,OPEN,KPIZZZ
2000-11-01,2000,SHB,"4,30","4,50","1,30",,,,OPEN,KPIZZZ
2001-02-01,2001,SHB,"3,30","3,80","1,80",,,,OPEN,KPIZZZ
2001-06-01,2001,SHB,"2,50","4,00","2,70",,,,OPEN,KPIZZZ
2001-09-01,2001,SHB,"1,70","4,10","2,70",,,,OPEN,KPIZZZ
2001-11-01,2001,SHB,"1,50","4,10","2,60",,,,OPEN,KPIZZZ
2002-01-01,2002,SHB,"1,40","4,40","2,40",,,,OPEN,KPIZZZ
2002-05-01,2002,SHB,"2,10","3,80","2,80",,,,OPEN,KPIZZZ
2002-09-01,2002,SHB,"1,80","4,00","2,50",,,,OPEN,KPIZZZ
2003-01-01,2003,SHB,"1,90","4,40","2,80",,,,OPEN,KPIZZZ
2003-05-01,2003,SHB,"1,50","4,70","2,70",,,,OPEN,KPIZZZ
2003-09-01,2003,SHB,"1,60","4,70","2,20",,,,OPEN,KPIZZZ
2004-01-01,2004,SHB,"2,50","5,10","1,00",,"0,80",,OPEN,KPIX
2004-05-01,2004,SHB,"2,90","5,50","0,70",,"0,90",,OPEN,KPIX
2004-08-01,2004,SHB,"3,50","5,70","0,70",,"1,00",,OPEN,KPIX
2005-01-01,2005,SHB,"3,30","4,90","1,30",,"1,20",,OPEN,KPIX
2005-05-01,2005,SHB,"2,80","5,00","0,50",,"0,50",,OPEN,KPIX
2005-12-01,2005,SHB,"2,70","5,60","0,40",,"0,80",,OPEN,KPIX
2006-04-26,2006,SHB,"3,80","5,20","1,50",,"1,30",,OPEN,KPIX
2006-08-24,2006,SHB,"4,40","5,20","1,80",,"1,50",,OPEN,KPIX
2006-12-08,2006,SHB,"4,50","5,30","1,40",,,,OPEN,KPIZZZ
2007-01-25,2007,SHB,"3,60","4,70","2,20",,"1,50",,OPEN,KPIX
2007-04-27,2007,SHB,"3,70","4,40","1,90",,"1,30",,OPEN,KPIX
2007-08-23,2007,SHB,"3,50","4,40","2,00",,"1,20",,OPEN,KPIX
2007-12-06,2007,SHB,"2,70","4,40","2,20",,"1,20",,OPEN,KPIX
2008-04-03,2008,SHB,"2,00","6,10","2,90",,"2,90",,ILO,KPIX
2008-06-12,2008,SHB,"2,10","6,10","3,70",,"2,90",,ILO,KPIX
2008-08-28,2008,SHB,"1,60","6,10","3,90",,"2,90",,ILO,KPIX
2008-12-11,2008,SHB,"0,70","6,20","3,50",,"2,70",,ILO,KPIF
2009-04-29,2009,SHB,"-4,70","9,00","-0,40",,"1,70",,ILO,KPIF
2009-06-11,2009,SHB,"-5,00","9,00","-0,40",,"1,80",,ILO,KPIF
2009-08-26,2009,SHB,"-4,70","8,80","-0,20",,"1,80",,ILO,KPIF
2009-12-09,2009,SHB,"-4,50","8,30","-0,30",,"1,90",,ILO,KPIF
2010-05-06,2010,SHB,"2,50","8,90","1,10",,"1,90",,ILO,KPIF
2010-09-03,2010,SHB,"4,10","8,60","1,10",,"2,00",,ILO,KPIF
2010-12-02,2010,SHB,"5,20","8,40","1,10",,"1,90",,ILO,KPIF
2011-05-01,2011,SHB,"4,00","7,30","3,30","3,00","1,70",,EU,KPIF
2011-09-01,2011,SHB,"4,20","7,50","3,00","2,00","1,50",,EU,KPIF
2011-12-01,2011,SHB,"4,30","7,50","2,90",,"1,40",,EU,KPIF
2012-04-27,2012,SHB,"0,30","7,90","1,10","1,25","1,00",,EU,KPIF
2012-08-30,2012,SHB,"1,40","7,70","1,10","1,00","1,00",,EU,KPIF
2012-12-13,2012,SHB,"0,50","7,70","0,90","1,00","0,90",,EU,KPIF
2013-04-25,2013,SHB,"1,80","8,30","0,30","1,00","1,00",,EU,KPIF
2013-08-29,2013,SHB,"1,40","8,10","0,10","1,30","1,00",,EU,KPIF
2013-12-05,2013,SHB,"1,00","8,00","0,00","1,00","0,90",,EU,KPIF
2014-05-15,2014,SHB,"3,00","8,10","0,10","0,50","0,60",,EU,KPIF
2014-08-28,2014,SHB,"2,30","8,00","0,10","0,25","0,70",,EU,KPIF
2014-12-11,2014,SHB,"1,80","8,00","-0,20","0,00","0,50",,EU,KPIF
1994-02-01,1995,SHB,"2,20","7,50","2,70",,,,OPEN,KPIZZZ
1994-05-01,1995,SHB,"2,50","7,20","2,60",,,,OPEN,KPIZZZ
1994-08-01,1995,SHB,"2,50","7,10","2,80",,,,OPEN,KPIZZZ
1994-11-01,1995,SHB,"2,60","7,60","3,30",,,,OPEN,KPIZZZ
1995-02-01,1996,SHB,"2,40","7,20","4,00",,,,OPEN,KPIZZZ
1995-05-01,1996,SHB,"1,70","7,10","3,80",,,,OPEN,KPIZZZ
1995-09-01,1996,SHB,"2,00","7,50","3,40",,,,OPEN,KPIZZZ
1995-12-01,1996,SHB,"1,70","7,80","2,50",,,,OPEN,KPIZZZ
1996-03-01,1997,SHB,"2,40","7,80","2,30",,,,OPEN,KPIZZZ
1996-05-01,1997,SHB,"2,30","7,70","2,50",,,,OPEN,KPIZZZ
1996-09-01,1997,SHB,"2,20","7,70","1,70",,,,OPEN,KPIZZZ
1996-11-01,1997,SHB,"2,90","7,80","1,20",,,,OPEN,KPIZZZ
1997-02-01,1998,SHB,"2,60","7,40","2,20",,,,OPEN,KPIZZZ
1997-05-01,1998,SHB,"3,00","7,60","1,70",,,,OPEN,KPIZZZ
1997-09-01,1998,SHB,"3,20","7,60","1,80",,,,OPEN,KPIZZZ
1997-11-01,1998,SHB,"3,10","7,40","2,20",,,,OPEN,KPIZZZ
1998-02-01,1999,SHB,"2,00","7,50","1,50",,,,OPEN,KPIZZZ
1998-05-01,1999,SHB,"2,00","6,50","0,90",,,,OPEN,KPIZZZ
1998-09-01,1999,SHB,"2,10","6,70","0,80",,,,OPEN,KPIZZZ
1998-11-01,1999,SHB,"1,80","6,90","0,50",,,,OPEN,KPIZZZ
1999-02-01,2000,SHB,"2,70","6,30","1,50",,,,OPEN,KPIZZZ
1999-05-01,2000,SHB,"3,00","5,40","1,50",,,,OPEN,KPIZZZ
1999-09-01,2000,SHB,"4,00","4,50","1,80",,,,OPEN,KPIZZZ
1999-11-01,2000,SHB,"4,30","4,50","2,00",,,,OPEN,KPIZZZ
2000-02-01,2001,SHB,"4,00","4,40","2,50",,,,OPEN,KPIZZZ
2000-05-01,2001,SHB,"4,20","3,90","2,50",,,,OPEN,KPIZZZ
2000-09-01,2001,SHB,"4,20","3,50","2,10",,,,OPEN,KPIZZZ
2000-11-01,2001,SHB,"4,20","3,60","2,10",,,,OPEN,KPIZZZ
2001-02-01,2002,SHB,"3,80","3,50","2,90",,,,OPEN,KPIZZZ
2001-06-01,2002,SHB,"3,50","3,80","3,30",,,,OPEN,KPIZZZ
2001-09-01,2002,SHB,"2,60","3,90","2,90",,,,OPEN,KPIZZZ
2001-11-01,2002,SHB,"1,20","5,10","2,40",,,,OPEN,KPIZZZ
2002-01-01,2003,SHB,"3,50","4,00","2,80",,,,OPEN,KPIZZZ
2002-05-01,2003,SHB,"3,20","3,50","4,20",,,,OPEN,KPIZZZ
2002-09-01,2003,SHB,"2,90","4,10","3,10",,,,OPEN,KPIZZZ
2003-01-01,2004,SHB,"2,80","4,50","2,80",,,,OPEN,KPIZZZ
2003-05-01,2004,SHB,"2,20","4,80","2,20",,,,OPEN,KPIZZZ
2003-09-01,2004,SHB,"2,30","4,80","1,70",,,,OPEN,KPIZZZ
2004-01-01,2005,SHB,"3,00","4,60","2,10",,"1,70",,OPEN,KPIX
2004-05-01,2005,SHB,"3,20","5,20","1,70",,"1,50",,OPEN,KPIX
2004-08-01,2005,SHB,"3,40","5,30","1,40",,"1,30",,OPEN,KPIX
2005-01-01,2006,SHB,"2,90","4,50","1,80",,"1,40",,OPEN,KPIX
2005-05-01,2006,SHB,"2,40","4,30","1,20",,"1,00",,OPEN,KPIX
2005-12-01,2006,SHB,"3,50","4,60","1,60",,"1,30",,OPEN,KPIX
2006-04-26,2007,SHB,"2,80","4,70","2,20",,"1,60",,OPEN,KPIX
2006-08-24,2007,SHB,"3,00","4,40","2,30",,"1,70",,OPEN,KPIX
2006-12-08,2007,SHB,"3,20","5,20","2,20",,,,OPEN,KPIZZZ
2007-01-25,2008,SHB,"2,70","6,00","2,40",,"2,00",,ILO,KPIX
2007-04-27,2008,SHB,"3,60","5,60","2,40",,"1,80",,ILO,KPIX
2007-08-23,2008,SHB,"3,3","5,3","2,8",,"2,30",,ILO,KPIX
2007-12-06,2008,SHB,"2,2","5,7","3,4",,"2,50",,ILO,KPIX
2008-04-03,2009,SHB,"2,1","6,6","1,9",,"1,90",,ILO,KPIX
2008-06-12,2009,SHB,"1,7","6,6",3,,"2,80",,ILO,KPIX
2008-08-28,2009,SHB,"0,9","6,8",3,,"2,60",,ILO,KPIX
2008-12-11,2009,SHB,"-1,9",8,1,,"1,80",,ILO,KPIF
2009-04-29,2010,SHB,"-0,2","11,5","0,2",,"0,50",,ILO,KPIF
2009-06-11,2010,SHB,"0,8","11,5","0,5",,"0,90",,ILO,KPIF
2009-08-26,2010,SHB,2,11,"1,5",,"1,20",,ILO,KPIF
2009-12-09,2010,SHB,"2,8","9,3","1,2",,"1,10",,ILO,KPIF
2010-05-06,2011,SHB,"2,6","8,5","1,8",,"1,00",,EU,KPIF
2010-09-03,2011,SHB,"2,4",8,"1,6",,"1,30",,EU,KPIF
2010-12-02,2011,SHB,"3,5","7,3","1,9",,"1,3",,EU,KPIF
2011-05-01,2012,SHB,"2,9","6,8","2,3","3,00","1,4",,EU,KPIF
2011-09-01,2012,SHB,2,"7,5","1,5","2,00","1,2",,EU,KPIF
2011-12-01,2012,SHB,"1,2","7,8","1,1","1,50","0,8",,EU,KPIF
2012-04-27,2013,SHB,"1,9","8,2","1,2","1,50","1,3",,EU,KPIF
2012-08-30,2013,SHB,"1,9","8,2","0,9","1,00","1,2",,EU,KPIF
2012-12-13,2013,SHB,"1,30","8,40","0,30","1,00","0,80",,EU,KPIF
2013-04-25,2014,SHB,"3,10","8,50","1,30","1,50","1,10",,EU,KPIF
2013-08-29,2014,SHB,"2,90","8,30","1,20","1,50","1,10",,EU,KPIF
2013-12-05,2014,SHB,"3,10","7,90","1,00","1,30","1,00",,EU,KPIF
2014-05-15,2015,SHB,"3,10","7,70","2,10",,"1,70",,EU,KPIF
2014-08-28,2015,SHB,"3,30","7,70","1,90",,"1,70",,EU,KPIF
2014-12-11,2015,SHB,"2,90","7,70","1,20","0,25","1,40",,EU,KPIF
2007-02-15,2007,MarknF,,,,"3,83",,,OPEN,KPIZZZ
2007-06-19,2007,MarknF,,,,"4,05",,,OPEN,KPIZZZ
2007-10-30,2007,MarknF,,,,"4,13",,,OPEN,KPIZZZ
2007-12-19,2007,MarknF,,,,"4,02",,,OPEN,KPIZZZ
2008-02-13,2008,MarknF,,,,"3,76",,,OPEN,KPIZZZ
2008-04-23,2008,MarknF,,,,"4,25",,,OPEN,KPIZZZ
2008-07-03,2008,MarknF,,,,"4,72",,,OPEN,KPIZZZ
2008-09-04,2008,MarknF,,,,"4,78",,,OPEN,KPIZZZ
2008-10-23,2008,MarknF,,,,"3,71",,,OPEN,KPIZZZ
2008-12-04,2008,MarknF,,,,"2,61",,,OPEN,KPIZZZ
2009-02-11,2009,MarknF,,,,"1,06",,,OPEN,KPIZZZ
2009-04-21,2009,MarknF,,,,"0,45",,,OPEN,KPIZZZ
2009-07-02,2009,MarknF,,,,"0,49",,,OPEN,KPIZZZ
2009-09-03,2009,MarknF,,,,"0,28",,,OPEN,KPIZZZ
2009-10-22,2009,MarknF,,,,"0,18",,,OPEN,KPIZZZ
2009-12-16,2009,MarknF,,,,"0,25",,,OPEN,KPIZZZ
2010-02-11,2010,MarknF,,,,"0,87",,,OPEN,KPIZZZ
2010-04-20,2010,MarknF,,,,"0,89",,,OPEN,KPIZZZ
2010-07-01,2010,MarknF,,,,"1,01",,,OPEN,KPIZZZ
2010-09-02,2010,MarknF,,,,"1,02",,,OPEN,KPIZZZ
2010-10-26,2010,MarknF,,,,"1,15",,,OPEN,KPIZZZ
2010-12-15,2010,MarknF,,,,"1,25",,,OPEN,KPIZZZ
2011-02-01,2011,MarknF,,,,"2,46",,,OPEN,KPIZZZ
2011-04-01,2011,MarknF,,,,"2,58",,,OPEN,KPIZZZ
2011-07-01,2011,MarknF,,,,"2,27",,,OPEN,KPIZZZ
2011-09-01,2011,MarknF,,,,"1,97",,,OPEN,KPIZZZ
2011-10-20,2011,MarknF,,,,"1,71",,,OPEN,KPIZZZ
2011-12-20,2011,MarknF,,,,"1,79",,,OPEN,KPIZZZ
2012-02-15,2012,MarknF,,,,"1,01",,,OPEN,KPIZZZ
2012-04-17,2012,MarknF,,,,"1,10",,,OPEN,KPIZZZ
2012-07-03,2012,MarknF,,,,"1,03",,,OPEN,KPIZZZ
2012-09-05,2012,MarknF,,,,"1,04",,,OPEN,KPIZZZ
2012-10-23,2012,MarknF,,,,"0,98",,,OPEN,KPIZZZ
2012-12-17,2012,MarknF,,,,"1,12",,,OPEN,KPIZZZ
2013-02-12,2013,MarknF,,,,"0,81",,,OPEN,KPIZZZ
2013-04-16,2013,MarknF,,,,"0,84",,,OPEN,KPIZZZ
2013-07-02,2013,MarknF,,,,"0,88",,,OPEN,KPIZZZ
2013-09-04,2013,MarknF,,,,"0,97",,,OPEN,KPIZZZ
2013-10-23,2013,MarknF,,,,"0,96",,,OPEN,KPIZZZ
2013-12-16,2013,MarknF,,,,"0,82",,,OPEN,KPIZZZ
2007-02-15,2008,MarknF,,,,"4,07",,,OPEN,KPIZZZ
2007-06-19,2008,MarknF,,,,"4,44",,,OPEN,KPIZZZ
2007-10-30,2008,MarknF,,,,"4,36",,,OPEN,KPIZZZ
2007-12-19,2008,MarknF,,,,"4,31",,,OPEN,KPIZZZ
2008-02-13,2009,MarknF,,,,"3,82",,,OPEN,KPIZZZ
2008-04-23,2009,MarknF,,,,"4,22",,,OPEN,KPIZZZ
2008-07-03,2009,MarknF,,,,"4,83",,,OPEN,KPIZZZ
2008-09-04,2009,MarknF,,,,"4,17",,,OPEN,KPIZZZ
2008-10-23,2009,MarknF,,,,"3,02",,,OPEN,KPIZZZ
2008-12-04,2009,MarknF,,,,"1,61",,,OPEN,KPIZZZ
2009-02-11,2010,MarknF,,,,"1,76",,,OPEN,KPIZZZ
2009-04-21,2010,MarknF,,,,"1,67",,,OPEN,KPIZZZ
2009-07-02,2010,MarknF,,,,"1,59",,,OPEN,KPIZZZ
2009-09-03,2010,MarknF,,,,"1,63",,,OPEN,KPIZZZ
2009-10-22,2010,MarknF,,,,"1,61",,,OPEN,KPIZZZ
2009-12-16,2010,MarknF,,,,"1,21",,,OPEN,KPIZZZ
2010-02-11,2011,MarknF,,,,"2,12",,,OPEN,KPIZZZ
2010-04-20,2011,MarknF,,,,"1,91",,,OPEN,KPIZZZ
2010-07-01,2011,MarknF,,,,"1,71",,,OPEN,KPIZZZ
2010-09-02,2011,MarknF,,,,"1,44",,,OPEN,KPIZZZ
2010-10-26,2011,MarknF,,,,"1,77",,,OPEN,KPIZZZ
2010-12-15,2011,MarknF,,,,"1,99",,,OPEN,KPIZZZ
2011-02-01,2012,MarknF,,,,"2,93",,,OPEN,KPIZZZ
2011-04-01,2012,MarknF,,,,"3,01",,,OPEN,KPIZZZ
2011-07-01,2012,MarknF,,,,"2,46",,,OPEN,KPIZZZ
2011-09-01,2012,MarknF,,,,"1,53",,,OPEN,KPIZZZ
2011-10-20,2012,MarknF,,,,"1,35",,,OPEN,KPIZZZ
2011-12-20,2012,MarknF,,,,"0,64",,,OPEN,KPIZZZ
2012-02-15,2013,MarknF,,,,"1,00",,,OPEN,KPIZZZ
2012-04-17,2013,MarknF,,,,"1,09",,,OPEN,KPIZZZ
2012-07-03,2013,MarknF,,,,"0,90",,,OPEN,KPIZZZ
2012-09-05,2013,MarknF,,,,"0,78",,,OPEN,KPIZZZ
2012-10-23,2013,MarknF,,,,"0,75",,,OPEN,KPIZZZ
2012-12-17,2013,MarknF,,,,"0,67",,,OPEN,KPIZZZ
2013-02-12,2014,MarknF,,,,"1,10",,,OPEN,KPIZZZ
2013-04-16,2014,MarknF,,,,"0,94",,,OPEN,KPIZZZ
2013-07-02,2014,MarknF,,,,"1,17",,,OPEN,KPIZZZ
2013-09-04,2014,MarknF,,,,"1,37",,,OPEN,KPIZZZ
2013-10-23,2014,MarknF,,,,"1,07",,,OPEN,KPIZZZ
2013-12-16,2014,MarknF,,,,"0,77",,,OPEN,KPIZZZ
2009-09-01,2009,ESV,,,,,,"-2,1",OPEN,KPIZZZ
2009-12-01,2009,ESV,,,,,,"-1,5",OPEN,KPIZZZ
2009-09-01,2010,ESV,,,,,,"-2,7",OPEN,KPIZZZ
2009-12-01,2010,ESV,,,,,,"-2,1",OPEN,KPIZZZ
2010-03-01,2010,ESV,,,,,,"-1,0",OPEN,KPIZZZ
2010-06-01,2010,ESV,,,,,,"-0,6",OPEN,KPIZZZ
2010-08-01,2010,ESV,,,,,,"-0,5",OPEN,KPIZZZ
2010-12-01,2010,ESV,,,,,,"-0,7",OPEN,KPIZZZ
2010-03-01,2011,ESV,"3,3","9,2","2,0","2,5",,"-0,1",OPEN,KPIZZZ
2010-06-01,2011,ESV,"3,1","8,6","1,6","2,5","1,0","-0,5",OPEN,KPIZZZ
2010-08-01,2011,ESV,"3,1","8,1","1,9","2,5","1,2","-0,1",OPEN,KPIZZZ
2010-12-01,2011,ESV,"3,3","8,0","1,9","2,0","1,2","0,1",OPEN,KPIZZZ
2011-03-01,2011,ESV,"4,3","7,4","2,4","2,5","1,8","0,3",OPEN,KPIZZZ
2011-06-01,2011,ESV,"3,9","7,4","3,2","2,5","1,7","0,5",OPEN,KPIZZZ
2011-09-01,2011,ESV,"4,1","7,5","2,9","2,3","1,4","0,3",OPEN,KPIZZZ
2011-12-01,2011,ESV,"4,4","7,5","3,0","2,0","1,4","0,4",OPEN,KPIZZZ
2011-03-01,2012,ESV,"2,8","6,8","2,2","3,5","1,5","1,6",OPEN,KPIZZZ
2011-06-01,2012,ESV,"2,7","7,1","2,6","3,3","1,5","1,3",OPEN,KPIZZZ
2011-09-01,2012,ESV,"1,7","7,6","1,7","2,8","0,9","0,6",OPEN,KPIZZZ
2011-12-01,2012,ESV,"0,1","8,1","1,1","1,3","0,9","-0,3",OPEN,KPIZZZ
2012-03-01,2012,ESV,"0,0","8,0","1,1","1,3","0,9","-0,7",OPEN,KPIZZZ
2012-06-01,2012,ESV,"0,7","7,6","1,2","1,5","1,1","-0,6",OPEN,KPIZZZ
2012-09-01,2012,ESV,"1,2","7,6","1,0","1,5","0,9","-0,6",OPEN,KPIZZZ
2012-12-01,2012,ESV,"0,9","7,7","0,9","1,0","1,0","-0,8",OPEN,KPIZZZ
2012-03-01,2013,ESV,"1,7","8,2","1,7","1,8","1,3","-0,4",OPEN,KPIZZZ
2012-06-01,2013,ESV,"2,0","7,9","1,5","2,0","1,5","-0,3",OPEN,KPIZZZ
2012-09-01,2013,ESV,"1,9","7,8","1,3","1,8","1,3","-0,3",OPEN,KPIZZZ
2012-12-01,2013,ESV,"1,2","8,3","0,3","0,8","1,2","-1,5",OPEN,KPIZZZ
2013-03-01,2013,ESV,"1,3","8,5","0,3","1,0","1,0","-1,4",OPEN,KPIZZZ
2013-06-01,2013,ESV,"1,1","8,3","0,1","1,0","1,0","-1,6",OPEN,KPIZZZ
2013-09-01,2013,ESV,"1,3","8,1","0,0","1,0","0,9","-1,8",OPEN,KPIZZZ
2013-09-02,2013,ESV,"1,1","8,0",,,,"-1,6",OPEN,KPIZZZ
2013-12-01,2013,ESV,"0,9","8,0","0,0","1,0","0,9","-1,4",OPEN,KPIZZZ
2013-03-01,2014,ESV,"2,4","8,5","1,2","1,3","1,4","-0,8",OPEN,KPIZZZ
2013-06-01,2014,ESV,"2,3","8,3","1,1","1,3","1,4","-0,9",OPEN,KPIZZZ
2013-09-01,2014,ESV,"2,3","8,1","1,0","1,3","1,3","-1,4",OPEN,KPIZZZ
2013-09-02,2014,ESV,"2,4","7,8",,,,"-2,0",OPEN,KPIZZZ
2013-12-01,2014,ESV,"2,2","7,8","0,9","1,0","1,2","-2,3",OPEN,KPIZZZ
2014-04-01,2014,ESV,"2,4","7,9","0,1","0,8","0,7","-2,4",OPEN,KPIZZZ
2014-06-01,2014,ESV,"2,3","8,0","0,0","0,5","0,6","-2,4",OPEN,KPIZZZ
2014-09-01,2014,ESV,"2,0","7,9","0,0","0,3","0,6","-2,4",OPEN,KPIZZZ
2014-12-01,2014,ESV,,"8,0","-0,2","0,0","0,5",,OPEN,KPIZZZ
2014-04-01,2015,ESV,,,,,,"-1,4",OPEN,KPIZZZ
2014-06-01,2015,ESV,,,,,,"-1,4",OPEN,KPIZZZ
2014-09-01,2015,ESV,,,,,,"-1,8",OPEN,KPIZZZ
